policy_id,country_iso,policy_name,policy_title,jurisdiction,supranational_region,country,subnational_region,policy_city_or_local,policy_instrument,sector,policy_description,policy_type,stringency,policy_status,decision_date,start_date,end_date,high_impact,policy_objective,reference,impact_indicators,last_update
250306670,USA,Corporate Average Fuel Economy Standards for Passenger Cars and Light Trucks for Model Years 2027 and Beyond (CAFE) and Fuel Efficiency Standards for Heavy-Duty Pickup Trucks and Vans for Model Years 2030 and Beyond United States of America (2024),Corporate Average Fuel Economy Standards for Passenger Cars and Light Trucks for Model Years 2027 and Beyond (CAFE) and Fuel Efficiency Standards for Heavy-Duty Pickup Trucks and Vans for Model Years 2030 and Beyond,Country,,United States of America,,,"Regulatory Instruments, Codes and standards, Vehicle fuel-economy and emissions standards","Transport, Heavy-duty vehicles, Light-duty vehicles","This rule by the National Highway Traffic Safety Administration (NHTSA) establishes Corporate Average Fuel Economy (CAFE) standards for passenger cars and light trucks that increase at a rate of 2 percent per year for passenger cars in model years (MYs) 2027-31, 0 percent per year for light trucks in model years 2027-28, and 2 percent per year for light trucks in model years 2029-31. NHTSA is also finalizing fuel efficiency standards for heavy-duty pickup trucks and vans (HDPUVs) for model years 2030-32 that increase at a rate of 10 percent per year and model years 2033-35 that increase at a rate of 8 percent per year.In January 2025, the NHTSA secretary sent a memorandum to NHTSA to review and reconsider this policy, per Trump's executive orders.","Energy efficiency, Energy service demand reduction and resource efficiency",,Planned,2024,2024,2035,Unknown,Mitigation,https://www.federalregister.gov/documents/2024/06/24/2024-12864/corporate-average-fuel-economy-standards-for-passenger-cars-and-light-trucks-for-model-years-2027https://www.transportation.gov/sites/dot.gov/files/2025-01/Signed%20Secretarial%20Memo%20re%20Fixing%20the%20CAFE%20Program.pdf,,"<time datetime=""2025-04-23T12:00:00Z"">23/04/2025</time>
"
250306687,USA,Forest Legacy Program United States of America (2024),Forest Legacy Program,Country,,United States of America,,,"Economic instruments, Direct investment, Fiscal or financial incentives, Funds to sub-national governments, Grants and subsidies",Agriculture and forestry,"This program is a federally funded and state-administered plan to conserve forestland in the United States. In 2024, the Forest Service supported 63 projects that will conserve more than 608,000 acres of private forestlands across the United States, ensuring these places will remain for the communities that rely on them. States, local partners, and tribes have helped to identify forests that provide outstanding benefits to the public. These forests will be conserved through conservation easements and land acquisitions. The Forest Legacy Program was established by Congress in 1990 and is administered by the Forest Service.",Non-energy use,,In force,2024,2024,,,"Mitigation, Land use",https://www.fs.usda.gov/managing-land/private-land/forest-legacy/program/funded-projects,,"<time datetime=""2025-02-18T12:00:00Z"">18/02/2025</time>
"
240306473,USA,Multi-Pollutant Emissions Standards for Model Years 2027 and Later Light-Duty and Medium-Duty Vehicles United States of America (2024),Multi-Pollutant Emissions Standards for Model Years 2027 and Later Light-Duty and Medium-Duty Vehicles,Country,,United States of America,,,"Regulatory Instruments, Codes and standards",Transport,"The EPA has finalized stricter emissions standards for light-duty and medium-duty vehicles for the years 2027 through 2032, alongside updates to the GHG program. These updates include revisions to off-cycle credits, the treatment of upstream emissions for electric vehicles, and the introduction of new standards for refueling emissions and battery durability. Minor amendments have also been finalized for aftermarket fuel conversions and vehicle importing. The finalized emissions standards for 2032 are set at 45.4 gCO2/km for passenger cars, 152.2 gCO2/km for medium-duty trucks, and 109 gCO2/km for heavy-duty trucks.",Energy efficiency,,In force,2024,,,,Mitigation,https://www.epa.gov/regulations-emissions-vehicles-and-engines/final-rule-multi-pollutant-emissions-standards-model,,"<time datetime=""2024-08-09T12:00:00Z"">09/08/2024</time>
"
250306685,USA,U.S. Environmental Protection Agency 2024-2027 Climate Adaptation Plan United States of America (2024),U.S. Environmental Protection Agency 2024-2027 Climate Adaptation Plan,Country,,United States of America,,,"Climate strategy, Political &amp; non-binding climate strategy, Policy support, Strategic planning",General,"This plan expands the EPA’s efforts to incorporate climate adaptation into the agency’s programs, policies, rules, enforcement activities and operations. The plan builds on work initiated in the 2014 and 2021 EPA Climate Adaptation Plans. This plan promotes climate resilience across the country, with objectives including: fostering a climate-ready workforce, building facility resilience, developing climate-resilient supply chains, applying climate data and tools to decision making, and integrating climate adaptation into rulemaking processes.","Energy efficiency, Energy service demand reduction and resource efficiency, Renewables, Non-energy use, Other low-carbon technologies and fuel switch, Unknown",,In force,2024,2024,2027,,Adaptation,https://www.epa.gov/newsreleases/epa-publishes-its-2024-2027-climate-adaptation-plan-0,,"<time datetime=""2025-03-12T12:00:00Z"">12/03/2025</time>
"
250306676,USA,Nationally Determined Contribution - NDC United States of America (2024),Nationally Determined Contribution - NDC,Country,,United States of America,,,"Target, GHG reduction target, Political &amp; non-binding GHG reduction target",General,"In this NDC, the United States is communicating an economy-wide greenhouse gas emissions reduction target of 61-66% by 2035, with a base year of 2005. As part of achieving this target, the United States anticipates methane reductions of at least 35% by 2035, with a base year of 2005. The entire 2035 range is on a straight line or steeper trajectory to net zero emissions by 2050 for all greenhouse gases.","Energy efficiency, Energy service demand reduction and resource efficiency, Renewables, Non-energy use, Other low-carbon technologies and fuel switch, Unknown",,In force,2024,2024,2035,,Mitigation,https://unfccc.int/sites/default/files/2024-12/United%20States%202035%20NDC.pdf,,"<time datetime=""2025-03-07T12:00:00Z"">07/03/2025</time>
"
250306686,USA,Coordinated Interagency Transmission Authorizations and Permits Program (CITAP) United States of America (2024),Coordinated Interagency Transmission Authorizations and Permits Program (CITAP),Country,,United States of America,,,"Economic instruments, Direct investment, Procurement rules, Research &amp; Development and Deployment (RD&amp;D), Research programme, Technology deployment and diffusion, Technology development, Voluntary approaches, Negotiated agreements (public-private sector)","Electricity and heat, Industry","This program sets a 2-year timeline for the federal permitting process for transmission infrastructure, making the process more efficient without sacrificing the quality of environmental reviews. This will cut in half the average time to site and permit a transmission project. The program establishes the U.S. Department of Energy (DOE) as the lead agency to coordinate and accelerate federal environmental reviews and permitting processes for qualifying electric transmission facilities. The program seeks to spur economic growth and modernize aging electric grid infrastructure by expanding access to clean energy and advanced energy technologies.","Energy efficiency, Energy service demand reduction and resource efficiency, Renewables",,In force,2024,2024,,Unknown,"Economic development, Energy access, Mitigation","https://www.energy.gov/gdo/coordinated-interagency-transmission-authorizations-and-permits-program#:~:text=The%20program%20establishes%20the%20U.S.%20Department%20of%20Energy,and%20permitting%20processes%20for%20qualifying%20electric%20transmission%20facilities.",,"<time datetime=""2025-04-22T12:00:00Z"">22/04/2025</time>
"
250306681,USA,The Enhancement and Standardization of Climate-Related Disclosures for Investors United States of America (2024),The Enhancement and Standardization of Climate-Related Disclosures for Investors,Country,,United States of America,,,"Regulatory Instruments, Auditing, Codes and standards, Monitoring, Other mandatory requirements",General,"These rules by the Security and Exchange Commission (SEC) are created to standardize climate-related disclosure requirements in registration statements and annual reports filed with the SEC. The final rules require relevant companies to disclose, among other requirements: climate-related risks that may result in material impact on the business and operations of the company, description of expenditures and the financial impacts related to company efforts to mitigate or adapt to climate-related risk, and risk-management measures and processes related to climate-related risk. The rules also apply to foreign private issuers, both companies based outside the US and companies doing business in the US. In March 2025, the SEC voted to end its defense of these rules, which effectively ends the rules.","Energy efficiency, Energy service demand reduction and resource efficiency, Non-energy use, Other low-carbon technologies and fuel switch, Renewables, Unknown",,Ended,2024,2024,,Unknown,Mitigation,https://www.iea.org/policies/19368-securities-and-exchange-commission-sec-rules-of-climate-related-disclosureshttps://www.sec.gov/rules-regulations/2024/03/s7-10-22https://www.sec.gov/newsroom/press-releases/2025-58,,"<time datetime=""2025-04-23T12:00:00Z"">23/04/2025</time>
"
241006477,USA,"Standards of Performance for New, Reconstructed, and Modified Sources and Emissions Guidelines for Existing Sources: Oil and Natural Gas Sector Climate Review United States of America (2024)","Standards of Performance for New, Reconstructed, and Modified Sources and Emissions Guidelines for Existing Sources: Oil and Natural Gas Sector Climate Review",Country,,United States of America,,,"Policy support, Strategic planning, Regulatory Instruments, Codes and standards, Industrial air pollution standards, Target, GHG reduction target",Industry,"The EPA has finalized a rule to reduce methane and harmful air pollutants from the oil and natural gas industry, preventing 58 million tons of methane emissions from 2024 to 2038—equivalent to 1.5 billion metric tons of CO2. By 2030, reductions will equal 130 million metric tons of CO2, achieving nearly an 80 percent cut in future methane emissions. In March 2025, the EPA announced it is reconsidering these standards.","Energy efficiency, Energy service demand reduction and resource efficiency",,In force,2024,,,Unknown,Mitigation,https://www.federalregister.gov/documents/2024/03/08/2024-00366/standards-of-performance-for-new-reconstructed-and-modified-sources-and-emissions-guidelines-forhttps://www.epa.gov/controlling-air-pollution-oil-and-natural-gas-operations/actions-and-notices-about-oil-and-0#nsps,,"<time datetime=""2025-04-23T12:00:00Z"">23/04/2025</time>
"
250306682,USA,Energy Efficiency Standards for Commercial Unitary Air Conditioners and Heat Pumps United States of America (2024),Energy Efficiency Standards for Commercial Unitary Air Conditioners and Heat Pumps,Country,,United States of America,,,"Regulatory Instruments, Codes and standards, Building codes and standards, Product standards","Buildings, Appliances","These rules by the Department Of Energy (DOE) update the energy efficiency standards for commercial unitary air conditioners and heat pumps, also known as commercial rooftop units. Compliance will be required from January 1, 2029. DOE estimates these standards will result in cumulative emission reductions of nearly 109 million metric tons of carbon dioxide, an amount roughly equivalent to the combined annual emissions of nearly 14.2 million homes.In March 2025, DOE has announced this policy will be delayed and up for review.",Energy efficiency,,Planned,2024,2029,,Unknown,Mitigation,https://www.energy.gov/articles/doe-finalizes-four-consensus-based-efficiency-standards-save-americans-billions-utilityhttps://www.energy.gov/articles/energy-department-advances-efforts-lower-costs-and-increase-consumer-choice,,"<time datetime=""2025-04-23T12:00:00Z"">23/04/2025</time>
"
250306680,USA,Decarbonizing the U.S. Economy by 2050: A National Blueprint for the Buildings Sector United States of America (2024),Decarbonizing the U.S. Economy by 2050: A National Blueprint for the Buildings Sector,Country,,United States of America,,,"Policy support, Strategic planning, Target, GHG reduction target, Political &amp; non-binding GHG reduction target, Climate strategy, Political &amp; non-binding climate strategy, Regulatory Instruments, Codes and standards, Building codes and standards","Buildings, Heating and cooling, Construction, Electricity and heat","This plan by the Department of Energy (DOE) sets a blueprint to reduce U.S. building emissions 65% by 2035 and 90% by 2050 (versus a 2005 baseline). This plan would help enable net-zero emissions economy-wide while centering equity and benefits to communities. The strategic objectives for this plan are: increase building energy efficiency, accelerate on-site emissions reductions, transform the grid edge, and minimize embodied life cycle emissions.","Energy efficiency, Energy service demand reduction and resource efficiency",,Planned,2024,2024,,,"Mitigation, Energy access","https://www.energy.gov/sites/default/files/2024-12/bto-decarbonizing-us-economy-2050-122724.pdf
https://www.energy.gov/eere/buildings/data-and-analysis-buildings-sector-innovation",,"<time datetime=""2025-03-13T12:00:00Z"">13/03/2025</time>
"
240306472,USA,Greenhouse Gas Standards and Guidelines for Fossil Fuel-Fired Power Plants United States of America (2024),Greenhouse Gas Standards and Guidelines for Fossil Fuel-Fired Power Plants,Country,,United States of America,,,"Regulatory Instruments, Codes and standards",Electricity and heat,"The EPA has finalized a suite of rules establishing emission limits and guidelines for carbon dioxide (CO2) from fossil fuel-fired power plants under the Clean Air Act. These rules focus on the adoption of feasible, cost-effective, and readily accessible control technologies. The finalized regulations are projected to achieve reductions in emissions of 50 MtCO2e by 2030 and 123 MtCO2e by 2035.",Energy efficiency,,In force,2024,,,,Mitigation,https://www.epa.gov/stationary-sources-air-pollution/greenhouse-gas-standards-and-guidelines-fossil-fuel-fired-power#rule-history,,"<time datetime=""2024-08-09T12:00:00Z"">09/08/2024</time>
"
250306671,USA,Renewable Fuel Standard (RFS) Program: Standards for 2023–2025 and Other Changes United States of America (2023),Renewable Fuel Standard (RFS) Program: Standards for 2023–2025 and Other Changes,Country,,United States of America,,,"Regulatory Instruments, Codes and standards, Vehicle fuel-economy and emissions standards, Economic instruments, Fiscal or financial incentives, Grants and subsidies, Target, Renewable energy target, Formal &amp; legally binding renewable energy target","Transport, Industry","This rule by the Environmental Protection Agency (EPA) establishes biofuel volume requirements and associated percentage standards for cellulosic biofuel, biomass-based diesel (BBD), advanced biofuel, and total renewable fuel for 2023–2025. The rule also establishes a supplemental volume requirement of 250 million gallons of renewable fuel for 2023. This final rule includes steady growth of biofuels for use in the nation’s fuel supply for 2023, 2024, and 2025.","Energy efficiency, Energy service demand reduction and resource efficiency, Renewables, Other low-carbon technologies and fuel switch",,In force,2023,2023,2025,,Mitigation,https://www.epa.gov/renewable-fuel-standard-program/final-renewable-fuels-standards-rule-2023-2024-and-2025,,"<time datetime=""2025-02-17T12:00:00Z"">17/02/2025</time>
"
250306677,USA,U.S. National Blueprint for Transportation Decarbonization United States of America (2023),U.S. National Blueprint for Transportation Decarbonization,Country,,United States of America,,,"Target, GHG reduction target, Political &amp; non-binding GHG reduction target, Climate strategy, Political &amp; non-binding climate strategy, Policy support, Strategic planning, Economic instruments, Fiscal or financial incentives, Information and education, Performance label, Advice or aid in implementation","Transport, Air, Heavy-duty vehicles, Light-duty vehicles, Rail, Shipping","This Blueprint is a strategy to cut all greenhouse gas emissions from the transportation sector by 2050 and improve overall transport sector efficiency. The plan covers road, off-road, maritime, aviation, and rail transportation. The decarbonization approach focuses on three areas: 1) increasing convenience with walkability and cycling access, co-ordinated land use and transportation system development; 2) enhancing efficiency-public transportation, modal shift for passengers and freight, and improved efficiency of all vehicles; and 3) promoting clean vehicles-zero-emission vehicle fuels and the infrastructure to support them.","Energy efficiency, Energy service demand reduction and resource efficiency, Renewables",,In force,2023,2023,,,Mitigation,"https://www.epa.gov/greenvehicles/us-national-blueprint-transportation-decarbonization
https://iea.blob.core.windows.net/assets/e9118c48-002b-484b-9f96-b59c9b3aaebb/UnitedStates2024.pdf",,"<time datetime=""2025-03-12T12:00:00Z"">12/03/2025</time>
"
250306684,USA,Principles for Net-Zero Financing &amp; Investment United States of America (2023),Principles for Net-Zero Financing &amp; Investment,Country,,United States of America,,,"Information and education, Performance label, Advice or aid in implementation, Voluntary approaches, Unilateral commitments (private sector), Information provision, Negotiated agreements (public-private sector), Target, GHG reduction target, Political &amp; non-binding GHG reduction target",General,"This policy sets voluntary guidelines for net-zero financing and investment within the United States, produced by the US Department of the Treasury. The principles aim to guide financial institutions by highlighting the importance and value of financial institutions’ net-zero commitments; promoting consistency and credibility in financial institutions’ approaches to these commitments; and encouraging the adoption of best practices that relate to these commitments (Climate Laws, 2024).","Energy efficiency, Energy service demand reduction and resource efficiency, Renewables, Non-energy use, Other low-carbon technologies and fuel switch, Unknown",,In force,2023,2023,,,"Mitigation, Economic development","https://climate-laws.org/document/principles-for-net-zero-financing-and-investment-fe0c?l=united-states-of-america&amp;sf=date&amp;so=desc
https://home.treasury.gov/system/files/136/NetZeroPrinciples.pdf",,"<time datetime=""2025-03-12T12:00:00Z"">12/03/2025</time>
"
240306410,USA,Ocean Climate Action Plan United States of America (2023),Ocean Climate Action Plan,Country,,United States of America,,,"Policy support, Strategic planning","Electricity and heat, Transport","The plan outlines federal initiatives for ocean-based climate mitigation and adaptation, addressing existing gaps in science and management. It proposes new actions such as offshore wind expansion, decarbonizing shipping, and enhancing carbon removal technologies. Environmental justice is integrated to ensure equitable climate-resilient systems. Nature-based solutions like conserving blue carbon habitats and expanding marine protected areas are emphasized for climate response.","Other low-carbon technologies and fuel switch, Renewables",,In force,2023,,,,"Mitigation, Adaptation",https://www.noaa.gov/sites/default/files/2023-03/Ocean-Climate-Action-Plan_Final.pdf,,"<time datetime=""2024-02-26T12:00:00Z"">26/02/2024</time>
"
240306411,USA,Central Air Conditioners and Heat Pumps - 10 CFR 430.32(c) United States of America (2023),Central Air Conditioners and Heat Pumps - 10 CFR 430.32(c),Country,,United States of America,,,"Regulatory Instruments, Codes and standards, Product standards","Electricity and heat, Buildings","These rules by the Department of Energy (DOE) set new energy conservation standards for central air conditioners and central air conditioning heat pumps. These units must meet the standards for Seasonal Energy Efficiency Ratio and Heating Seasonal Performance Factor. Some standards require compliance from all new units manufactured on or after January 1, 2015 and before January 1, 2023, while other standards apply for units manufactured on or after January 1, 2023. These standards are part of the DOE&#039;s Energy Conservation Program for Consumer Products, under 10 CFR 430.32(c).",Energy efficiency,,In force,2023,2023,,,Mitigation,https://www.ecfr.gov/current/title-10/part-430/subpart-C#p-430.32©,,"<time datetime=""2024-02-26T12:00:00Z"">26/02/2024</time>
"
230206157,USA,America’s Strategy to Secure the Supply Chain for a Robust Clean Energy Transition United States of America (2022),America’s Strategy to Secure the Supply Chain for a Robust Clean Energy Transition,Country,,United States of America,,,"Policy support, Strategic planning","Electricity and heat, Industry, Transport","This policy sets out to secure the supply of key materials needed for the energy transition. It focuses on the following technology areas:
• carbon capture materials,
• electric grid including transformers and high voltage direct current (HVDC),
• energy storage,
• fuel cells and electrolyzers,
• hydropower including pumped storage hydropower (PSH),
• neodymium magnets,
• nuclear energy,
• platinum group metals and other catalysts,
• semiconductors,
• solar photovoltaics (PV), and
• wind.","Energy efficiency, Energy service demand reduction and resource efficiency, Other low-carbon technologies and fuel switch, Renewables",,In force,2022,,,,Mitigation,https://www.energy.gov/sites/default/files/2022-02/America%E2%80%99s%20Strategy%20to%20Secure%20the%20Supply%20Chain%20for%20a%20Robust%20Clean%20Energy%20Transition%20FINAL.docx_0.pdf,,"<time datetime=""2023-02-01T12:00:00Z"">01/02/2023</time>
"
230206159,USA,Regional Direct Air Capture Hubs program United States of America (2022),Regional Direct Air Capture Hubs program,Country,,United States of America,,,Direct investment,General,This program sets out to invest USD 3.5 billion to develop direct air capture of CO2.,Non-energy use,,In force,2022,,,,Mitigation,https://www.energy.gov/articles/biden-administration-launches-35-billion-program-capture-carbon-pollution-air,,"<time datetime=""2023-02-01T12:00:00Z"">01/02/2023</time>
"
250306679,USA,Permitting Action Plan United States of America (2022),Permitting Action Plan,Country,,United States of America,,,"Economic instruments, Direct investment, Procurement rules, Policy support, Strategic planning, Regulatory Instruments, Codes and standards, Monitoring, Information and education, Performance label, Advice or aid in implementation, Information provision",General,"This plan seeks to strengthen and accelerate federal permitting and environmental reviews for infrastructure investments. The Plan outlines the Administration’s strategy to ensure these processes are guided by the best science and shaped by early and meaningful public engagement. The plan has five key elements to ensure infrastructure improvements: accelerating smart permitting through early cross-agency coordination; establishing clear timeline goals and tracking key project information; communicating with States, Tribal Nations, territories, and local communities; improving agency responsiveness and support; and adequately resourcing agencies and using the environmental review process for best outcomes.","Energy efficiency, Energy service demand reduction and resource efficiency, Renewables, Non-energy use, Other low-carbon technologies and fuel switch, Unknown",,In force,2022,2022,,,"Mitigation, Economic development","https://www.permitting.gov/newsroom/press-releases/permitting-action-plan#:~:text=WASHINGTON%20%28May%2011%2C%202022%29-%20Today%2C%20the%20White%20House,on%20the%20once-in-a-generation%20upgrades%20outlined%20in%20the%20Biparti",,"<time datetime=""2025-03-12T12:00:00Z"">12/03/2025</time>
"
230206155,USA,National EV Infrastructure Formula Program United States of America (2022),National EV Infrastructure Formula Program,Country,,United States of America,,,Direct investment,"Transport, Low-emissions mobility",This program sets out to invest USD 5 billion over five years to develop EV charging stations in the US. This program is funded through the US Infrastructure and Jobs Act.,"Other low-carbon technologies and fuel switch, Renewables",,In force,2022,2022,2027,,Mitigation,https://www.energy.gov/articles/president-biden-doe-and-dot-announce-5-billion-over-five-years-national-ev-charging,,"<time datetime=""2023-02-01T12:00:00Z"">01/02/2023</time>
"
250306678,USA,Creating Helpful Incentives to Produce Semiconductors (CHIPS) and Science Act United States of America (2022),Creating Helpful Incentives to Produce Semiconductors (CHIPS) and Science Act,Country,,United States of America,,,"Economic instruments, Direct investment, RD&amp;D funding, Policy support, Institutional creation, Strategic planning, Research &amp; Development and Deployment (RD&amp;D), Research programme, Technology development, Technology deployment and diffusion",General,"This legislation invests over $50 billion in the domestic manufacturing of semiconductors and microchips. The legislation also invests $67 billion in the Department of Energy, including a $50 billion authorization for DOE’s Office of Science to enable cutting-edge research and development in clean energy to fight the climate crisis and advanced computing and manufacturing to boost American competitiveness. In addition, this legislation establishes the Foundation for Energy Security and Innovation, which will help create and deploy technologies to power the industries of the future, from clean energy to medicine.","Energy efficiency, Energy service demand reduction and resource efficiency, Renewables, Non-energy use, Other low-carbon technologies and fuel switch, Unknown",,In force,2022,2022,,,"Mitigation, Economic development",https://www.energy.gov/articles/statement-secretary-granholm-congressional-passage-chips-and-science-act,,"<time datetime=""2025-03-12T12:00:00Z"">12/03/2025</time>
"
230206158,USA,"Executive Order to Strengthen America’s Forests, Boost Wildfire Resilience, and Combat Global Deforestation United States of America (2022)","Executive Order to Strengthen America’s Forests, Boost Wildfire Resilience, and Combat Global Deforestation",Country,,United States of America,,,"Policy support, Strategic planning",Agriculture and forestry,"This executive order seeks among other goals to improve monitoring of forests in federal lands, to set 2030 afforestation and reduced deforestation targets, to develop a systematic plan to stop commodity driven deforestation.",Non-energy use,,In force,2022,,,,Mitigation,https://bidenwhitehouse.archives.gov/briefing-room/statements-releases/2022/04/22/fact-sheet-president-biden-signs-executive-order-to-strengthen-americas-forests-boost-wildfire-resilience-and-combat-global-deforestation/,,"<time datetime=""2025-02-17T12:00:00Z"">17/02/2025</time>
"
230206156,USA,Methane Emissions Reduction Action Plan United States of America (2022),Methane Emissions Reduction Action Plan,Country,,United States of America,,,"Policy support, Strategic planning","Electricity and heat, Industry, Waste CH4","This program sets out key priorities and actions for the US to reduce its methane emissions, targeting emissions from oil and gas, abandoned coal mines and waste.","Energy service demand reduction and resource efficiency, Non-energy use",,In force,2022,,,High,Mitigation,https://www.whitehouse.gov/wp-content/uploads/2022/11/US-Methane-Emissions-Reduction-Action-Plan-Update.pdf,,"<time datetime=""2023-02-01T12:00:00Z"">01/02/2023</time>
"
230206160,USA,Inflation Reduction Act United States of America (2022),Inflation Reduction Act,Country,,United States of America,,,"Direct investment, Fiscal or financial incentives, Grants and subsidies",General,"This is a landmark US federal law aimed at reducing inflation by reducing fiscal deficit by USD 238 billion over three years. It also includes provisions for investment in climate change mitigation for USD 361 billion, making it the largest climate change related investment in US history. This includes investments in wind, solar and other renewables, in nuclear power, carbon capture systems for energy and industry, light and heavy duty clean vehicles, clean fuel production, green hydrogen, direct air capture facilities, as well as energy efficiency upgrades for buildings and support for heat pumps. It is expected that this will help reduce US GHG emissions by ~1 GtCO2e. 
In 2024, the Department of the Treasury and the Internal Revenue Service (IRS) and Department of Energy announced tax credit allocations of up to USD 6 billion for projects that expand clean energy manufacturing and recycling and critical materials refining, processing and recycling, and for projects that reduce greenhouse gas emissions at industrial facilities. Additionally in 2024, the IRS established final regulations regarding Federal income tax credits for the purchase of qualifying new and previously-owned clean vehicles, including  new and previously-owned plug-in electric vehicles powered by an electric battery and new qualified fuel cell motor vehicles. These regulations establish supply chain verification requirements for electric vehicle batteries, focusing on critical minerals and foreign entity compliance.","Energy efficiency, Energy service demand reduction and resource efficiency, Non-energy use, Other low-carbon technologies and fuel switch, Renewables",,In force,2022,,,High,Mitigation,"https://www.congress.gov/bill/117th-congress/house-bill/5376/text
https://www.iea.org/policies/25126-qualifying-advanced-energy-project-credit-section-48c-inflation-reduction-act
https://www.federalregister.gov/documents/2024/05/06/2024-09094/clean-vehicle-credits-under-sections-25e-and-30d-transfer-of-credits-critical-minerals-and-battery",,"<time datetime=""2025-03-12T12:00:00Z"">12/03/2025</time>
"
220205837,USA,Executive Order 14008 on Tackling the Climate Crisis at Home and Abroad United States of America (2021),Executive Order 14008 on Tackling the Climate Crisis at Home and Abroad,Country,,United States of America,,,"Policy support, Institutional creation",General,"This executive order sets out the goal of achieving carbon neutrality by 2050. It also establishes the creation of the Climate Policy Office, the National Climate Task Force, the White House environmental justice advisory council (WHEJAC), and the Interagency Working Group on Coal. This executive order was revoked by the Trump Administration on January 20, 2025.","Energy efficiency, Energy service demand reduction and resource efficiency, Non-energy use, Other low-carbon technologies and fuel switch, Renewables",,Ended,2021,2021,2025,,Mitigation,"https://www.whitehouse.gov/briefing-room/presidential-actions/2021/01/27/executive-order-on-tackling-the-climate-crisis-at-home-and-abroad/
https://www.whitehouse.gov/presidential-actions/2025/01/initial-rescissions-of-harmful-executive-orders-and-actions/",,"<time datetime=""2022-01-01T12:00:00Z"">01/01/2022</time>
"
220205839,USA,Steps to Drive American Leadership Forward on Clean Cars and Trucks United States of America (2021),Steps to Drive American Leadership Forward on Clean Cars and Trucks,Country,,United States of America,,,Target,"Transport, Low-emissions mobility","This policy sets a national target to make 50% of sales of new vehicles zero-emissions by 2030, including battery electric, plug-in hybrid or fuel-cell vehicles",Other low-carbon technologies and fuel switch,,In force,2021,2021,2030,,Mitigation,https://www.whitehouse.gov/briefing-room/statements-releases/2021/08/05/fact-sheet-president-biden-announces-steps-to-drive-american-leadership-forward-on-clean-cars-and-trucks/,,"<time datetime=""2022-01-01T12:00:00Z"">01/01/2022</time>
"
220205840,USA,Light-duty vehicles GHG Emissions Standard United States of America (2021),Light-duty vehicles GHG Emissions Standard,Country,,United States of America,,,"Regulatory Instruments, Codes and standards, Vehicle fuel-economy and emissions standards","Transport, Light-duty vehicles","In December 2021, EPA finalized revised national greenhouse gas (GHG) emissions standards for passenger cars and light trucks for Model Years 2023- 2026. The emissions standards aim for a fleet average of 52 miles per gallon (mpg) by 2026.",Energy service demand reduction and resource efficiency,,In force,2021,,,High,Mitigation,https://www.epa.gov/regulations-emissions-vehicles-and-engines/regulations-greenhouse-gas-emissions-passenger-cars-and,,"<time datetime=""2022-01-01T12:00:00Z"">01/01/2022</time>
"
220205843,USA,Executive Order 14057 on the Federan Sustainability Plan United States of America (2021),Executive Order 14057 on the Federan Sustainability Plan,Country,,United States of America,,,"Policy support, Strategic planning, Target, GHG reduction target, Renewable energy target","Electricity and heat, Buildings, Transport","In December 2021, President Biden signed an Executive Order that directed the Federal Government to use its scale and procurement power
to achieve the following goals:
1. 100 percent carbon pollution-free electricity (CFE) by 2030, at least half of which will be locally supplied clean energy to meet 24/7 demand;
2. 100 percent zero-emission vehicle (ZEV) acquisitions by 2035, including 100 percent zero-emission light-duty vehicle acquisitions by 2027;
3. Net-zero emissions from Federal procurement by 2030;
4. A net-zero emissions building portfolio by 2045, including a 50 percent emissions reduction by 2032; and
5. Net-zero emissions from overall Federal operations by 2050, including a 65 percent emissions reduction by 2030;","Energy efficiency, Energy service demand reduction and resource efficiency, Other low-carbon technologies and fuel switch, Renewables",,In force,2021,,,,Mitigation,https://www.sustainability.gov/pdfs/federal-sustainability-plan.pdf,,"<time datetime=""2022-01-01T12:00:00Z"">01/01/2022</time>
"
220205841,USA,Kigali Amendment on HFCs United States of America (2021),Kigali Amendment on HFCs,Country,,United States of America,,,"Regulatory Instruments, Other mandatory requirements","Industry, Fluorinated gases","The US signed the amendment in 2016 in the last days of Obama administration but this was not ratified during the Trump presidency. The executive order formally directs the State Department to prepare a ‘transmittal package’ to the U.S. Senate for the Kigali Amendment, the first step of the U.S. ratification process, within 60 days.Its ratification still requires the consent of the US Senate.",Energy service demand reduction and resource efficiency,,In force,2021,2022,,High,Mitigation,"https://www.nrdc.org/experts/alex-hillbrand/biden-announces-move-ratify-kigali-amendment-hfcs
https://www.nrdc.org/experts/christina-theodoridi/senate-consider-kigali-amendment-ratification
https://www.state.gov/u-s-ratification-of-the-kigali-amendment/",,"<time datetime=""2023-02-07T12:00:00Z"">07/02/2023</time>
"
211005237,USA,Nationally Determined Contribution - NDC United States of America (2021),Nationally Determined Contribution - NDC,Country,,United States of America,,,"Climate strategy, Political &amp; non-binding climate strategy, GHG reduction target, Political &amp; non-binding GHG reduction target",General,"The United Sates’ NDC proposes an economy-wide target to reduce GHG emissions by 50-52% below 2005 levels (i.e. 6,635 MtCO2e) by 2030.
To United States proposes a shift to low carbon economy and scale up offshore renewable energy. In the electricity sector, United States aims to shift towards carbon-free electricity by 2035, increase energy efficiency, scale up distinct energy sources as hydrogen and invest in carbon capture. In the transport sector the kernel is to switch petrol fuelled vehicles to zero emission ones. Also, raise efficiency standards and investments in both low carbon fuels and alternative transport modals (e.g. rail and biking). In the building sector the focuses are on the enhancement of energy efficiency of electric heating and cooking devices, for instance investing in heat pumps and induction stoves. In the industry sector the government plans to shift fuel burning processes to very low- or zero-carbon processes and to invest in carbon capture. Agriculture and land use are also target by reforestation plans, rotational grazing and forest protection to avoid wildfires.
According to Climate Action Tracker, this target would translate into 1.5-2.5 GtCO2e/yr lower emissions in 2030 below the current policies trajectory. CAT points out that this target includes LULUCF and excluding it would translate to a 43-50% reduction below 2005 levels (Climate Action Tracker, 2021).
 ","Energy efficiency, Energy service demand reduction and resource efficiency, Non-energy use, Other low-carbon technologies and fuel switch, Renewables",,In force,2021,2021,2030,Unknown,Mitigation,https://www4.unfccc.int/sites/ndcstaging/PublishedDocuments/United%20States%20of%20America%20First/United%20States%20NDC%20April%2021%202021%20Final.pdf,,"<time datetime=""2021-05-01T12:00:00Z"">01/05/2021</time>
"
220205772,USA,"The Long-Term Strategy of the United States, Pathways to Net-Zero Greenhouse Gas Emissions by 2050 United States of America (2021)","The Long-Term Strategy of the United States, Pathways to Net-Zero Greenhouse Gas Emissions by 2050",Country,,United States of America,,,"Policy support, Strategic planning, Target, GHG reduction target, Political &amp; non-binding GHG reduction target",General,"The USA&#039;s LTS sets out the target of achieving carbon neutrality no later than 2050. The strategy includes five key transformations:
1. Decarbonize electricity.
2. Electrify end uses and switch to other clean fuels.
3. Cut energy waste.
4. Reduce methane and other non-CO2 emissions.
5. Scale up CO2 removal.","Energy efficiency, Energy service demand reduction and resource efficiency, Non-energy use, Other low-carbon technologies and fuel switch, Renewables",,In force,2021,2021,2050,,Mitigation,https://unfccc.int/sites/default/files/resource/US_accessibleLTS2021.pdf,,"<time datetime=""2022-01-01T12:00:00Z"">01/01/2022</time>
"
250306675,USA,Plan to Conserve Global Forests: Critical Carbon Sinks United States of America (2021),Plan to Conserve Global Forests: Critical Carbon Sinks,Country,,United States of America,,,"Policy support, Strategic planning, Economic instruments, Fiscal or financial incentives, Grants and subsidies",Agriculture and forestry,"This plan establishes the U.S. approach to conserving critical global terrestrial carbon sinks, deploying a range of diplomatic, policy, and financing tools. The plan seeks to catalyze the global effort to conserve and restore the forests and other ecosystems that serve as critical carbon sinks. Subject to Congressional appropriations, by 2030, the United States intends to dedicate up to $9 billion of its international climate funding to support the objectives of the Plan. The main goals are to end natural forest loss by 2030; to significantly increase the rate of global restoration of degraded landscapes and forestlands; and to slow, halt, and reverse forest cover and carbon loss.",Non-energy use,,In force,2021,2021,2030,,"Mitigation, Land use","https://2021-2025.state.gov/plan-to-conserve-global-forests-critical-carbon-sinks/
https://bidenwhitehouse.archives.gov/wp-content/uploads/2021/11/Plan_to_Conserve_Global_Forests_final.pdf",,"<time datetime=""2025-02-18T12:00:00Z"">18/02/2025</time>
"
211005230,USA,Infrastructure Investment and Jobs Act United States of America (2021),Infrastructure Investment and Jobs Act,Country,,United States of America,,,"Infrastructure investments, RD&amp;D funding, Fiscal or financial incentives, Tax relief, Research &amp; Development and Deployment (RD&amp;D), Demonstration project, Technology deployment and diffusion","Buildings, Construction, Electricity and heat, Renewables, Industry, Transport, Air, Low-emissions mobility, Rail, Shipping","This bill is part part of the US economic recovery response to the COVID-19 pandemic. It focuses on infrastructure investments, including support for EV charging infrastructure and public transport systems, among others. Some of the major elements in the final version of the bill are:
$110 billion for roads, bridges and other major projects;
$11 billion in transportation safety programs;
$39 billion in transit modernization and improved accessibility;
$66 billion in rail;
$7.5 billion to build a national network of electric vehicle chargers;
$73 billion in power infrastructure and clean energy transmission and
$65 billion for broadband development","Other low-carbon technologies and fuel switch, Renewables",,In force,2021,,,High,"Adaptation, Economic development, Mitigation, Water","https://bidenwhitehouse.archives.gov/briefing-room/statements-releases/2021/08/03/fact-sheet-the-bipartisan-infrastructure-investment-and-jobs-act-creates-good-paying-jobs-and-supports-workers/
https://www.nytimes.com/interactive/2021/03/31/upshot/whats-in-bidens-infrastructure-plan.html",,"<time datetime=""2025-02-17T12:00:00Z"">17/02/2025</time>
"
211005229,USA,Biodiesel blending tax credit United States of America (2020),Biodiesel blending tax credit,Country,,United States of America,,,"Tax relief, Renewable energy target",Transport,Extension of the USD 1 per gallon biodiesel blending tax credit to 2022. Raised the required advanced biofuel/biodiesel volume from 2019 levels.,Renewables,,Ended,2020,2020,2022,Unknown,Mitigation,https://newclimate.org/wp-content/uploads/2020/10/NewClimate_PBL-CLIMA_2020OctUpdate.pdf,,"<time datetime=""2023-02-07T12:00:00Z"">07/02/2023</time>
"
220205844,USA,Hydrogen Program Plan United States of America (2020),Hydrogen Program Plan,Country,,United States of America,,,"Policy support, Strategic planning, Research &amp; Development and Deployment (RD&amp;D), Research programme","Electricity and heat, Industry, Transport","The mission of the DOE Hydrogen Program is to research, develop, and validate transformational hydrogen and related technologies including fuel cells and turbines, and to address institutional and market barriers, to ultimately enable adoption across multiple applications and sectors. Its focus areas are:
1. Overcome technical barriers through basic and applied research and development
2. Integrate, demonstrate, and validate “first-of-a-kind” hydrogen and related technologies
3. Accelerate the transition of innovations and technologies to the private sector
4. Address institutional issues including safety concerns, education and workforce development, and the development of codes and standards
5. Identify, implement, and refine appropriate strategies for Federal programs to catalyze a sustainable market and concomitant benefits to the economy, the environment, and energy security",Other low-carbon technologies and fuel switch,,In force,2020,,,,Mitigation,https://www.hydrogen.energy.gov/pdfs/hydrogen-program-plan-2020.pdf,,"<time datetime=""2022-01-01T12:00:00Z"">01/01/2022</time>
"
220205842,USA,American Innovation and Manufacturing (AIM) Act United States of America (2020),American Innovation and Manufacturing (AIM) Act,Country,,United States of America,,,"Regulatory Instruments, Other mandatory requirements","Industry, Fluorinated gases","As part of its COVID-19 relief efforts, this act seeks to suppor the american manufacturing sector, while providing new authorities in three main areas, to phase down the production and consumption of listed HFCs, manage HFCs and their substitutes, and facilitate the transition to next-generation technologies.",Energy service demand reduction and resource efficiency,,In force,2020,2020,,High,Mitigation,"https://www.epa.gov/enforcement/enforcement-american-innovation-and-manufacturing-act-2020
https://climateactiontracker.org/countries/usa/policies-action/",,"<time datetime=""2025-02-17T12:00:00Z"">17/02/2025</time>
"
211005227,USA,The Safer Affordable Fuel-Efficient (SAFE) Vehicles Rule for Model Years 2021–2026 Passenger Cars and Light Trucks United States of America (2020),The Safer Affordable Fuel-Efficient (SAFE) Vehicles Rule for Model Years 2021–2026 Passenger Cars and Light Trucks,Country,,United States of America,,,Vehicle fuel-economy and emissions standards,"Transport, Light-duty vehicles","The SAFE vehicle rule rolls back stricter fuel efficiency standards of the Obama administration. The SAFE rule requires manufacturers to improve the fuel efficiency of their light duty vehicles by 1.5% year-to-year from model year 2021 to 2026, reaching 40 miles per gallon by 2025. Obama administration standards would have required a roughly 5% annual increase, reaching 54 miles per gallon by 2025. Several states are pushing back against the rollback with legal challenges.
This policy was reversed by the Biden administration in 2021.",Energy efficiency,,Superseded,2020,2021,2026,Unknown,Mitigation,https://newclimate.org/wp-content/uploads/2020/10/NewClimate_PBL-CLIMA_2020OctUpdate.pdf,,"<time datetime=""2021-05-01T12:00:00Z"">01/05/2021</time>
"
211003202,USA,Safer Affordable Fuel Efficiency (SAFE) rule United States of America (2020),Safer Affordable Fuel Efficiency (SAFE) rule,Country,,United States of America,,,Vehicle fuel-economy and emissions standards,"Transport, Light-duty vehicles",Repealed CAFE with the new Safer Affordable Fuel Efficiency (SAFE) rule for model years 2021-2026. The new rule is substantially weaker than the former rule from Obama-era,Energy efficiency,,In force,2020,2021,2026,Unknown,Mitigation,https://www.govinfo.gov/content/pkg/FR-2020-04-30/pdf/2020-06967.pdf,,
211000045,USA,North Carolina Commercial Building Code United States of America (2019),North Carolina Commercial Building Code,Subnational region,,United States of America,North Carolina,,Building codes and standards,"Buildings, Construction","See reference below for details. IEA/IRENA Global Renewable Energy Policies and Measures Database © OECD/IEA and IRENA, [November 2020]",Energy efficiency,,In force,2019,,,Unknown,Mitigation,https://www.iea.org/policies/7119-2018-north-carolina-commercial-building-code-based-on-the-2015-iecc-with-amendments?country=United%20States&amp;qs=united,,
211000541,USA,Colorado Senate Bill 19-181 United States of America (2019),Colorado Senate Bill 19-181,Subnational region,,United States of America,Colorado,,Other mandatory requirements,"Industry, Fossil fuel exploration and production","Enabling legislation directs the Colorado Oil and Gas Conservation Commission (COGCC) to adopt rules to minimize methane, VOCs and Nox from production, processing, gathering &amp; boosting, storage, and transmission facilities. Further, the law directs the COGCC to review existing rules on oil and gas well production and compressor stations and consider adopting more stringent versions (see reference below for more details). IEA/IRENA Global Renewable Energy Policies and Measures Database © OECD/IEA and IRENA, [November 2020]",Non-energy use,,In force,2019,,,Unknown,Mitigation,https://www.iea.org/policies/8859-colorado-senate-bill-19-181?country=United%20States&amp;qs=united,,
211005226,USA,Affordable Clean Energy (ACE) United States of America (2019),Affordable Clean Energy (ACE),Country,,United States of America,,,"Sectoral standards, Other mandatory requirements",Electricity and heat,"The Affordable Clean Energy (ACE) repeals the Clean Power Plan (CPP). The CPP aimed to reduce emissions from the power sector by 32% below 2005 levels by 2030, by setting targets for each state individually. The ACE rule limits the scope of the plan to reduce emissions inside the fence at individual power plants, for example through efficiency measures or carbon capture and storage technologies and gives states the ability to set their own rules. The rule is under at least two legal challenges: one by a group of 23 State Attorneys General and six large cities and one by a group of major power utilities","Energy efficiency, Other low-carbon technologies and fuel switch",,In force,2019,2019,,Unknown,Mitigation,"https://www.govinfo.gov/content/pkg/FR-2019-07-08/pdf/2019-13507.pdf
 ",,"<time datetime=""2021-05-01T12:00:00Z"">01/05/2021</time>
"
211003268,USA,Highway Motor Fuel Tax (HMFT) United States of America (2019),Highway Motor Fuel Tax (HMFT),Country,,United States of America,,,Energy and other taxes,Transport,"Applies to motor fuels. The HMFT is set at USD 0.83 per gallon on gasoline, biogasoline (ethanol), CNG and LPG, and at a rate of USD 0.243 per gallon on (undyed) diesel, biodiesel and (undyed) kerosene (OECD 2019)","Energy service demand reduction and resource efficiency, Energy efficiency, Renewables, Other low-carbon technologies and fuel switch, Non-energy use",,In force,2019,,,Unknown,Mitigation,https://www.oecd.org/tax/taxing-energy-use-efde7a25-en.htm,,
211003271,USA,Commercial Fuel Tax (CFT) United States of America (2019),Commercial Fuel Tax (CFT),Country,,United States of America,,,Energy and other taxes,"Transport, Air",Applies to aviation fuels when used for commercial aviation purposes at a rate of USD 0.043 per gallon (OECD 2019).,"Energy service demand reduction and resource efficiency, Energy efficiency, Renewables, Other low-carbon technologies and fuel switch, Non-energy use",,In force,2019,,,Unknown,Mitigation,https://www.oecd.org/tax/taxing-energy-use-efde7a25-en.htm,,
211005228,USA,Rulemaking for Appliance Standards United States of America (2019),Rulemaking for Appliance Standards,Country,,United States of America,,,Product standards,"Buildings, Appliances","It changes the decision-making process for energy efficiency standards rulemaking for consumer and commercial equipment. The amended rule applies a threshold approach to determine whether projected energy savings would be “significant”, defined as saving at least 88 TWh (0.3 quads) of energy over 30 years or improving energy use by at least 10% above existing standards. This significantly raises the bar for the minimum energy efficiency improvements before the agency will even consider implementing it, thus endangering future attempts to update and improve appliances’ efficiency standards.",Energy efficiency,,In force,2019,,,Unknown,Mitigation,"https://newclimate.org/wp-content/uploads/2020/10/NewClimate_PBL-CLIMA_2020OctUpdate.pdf
https://www.federalregister.gov/documents/2019/02/11/2019-01853/energy-conservation-program-energy-conservation-standards-for-general-service-lamps",,"<time datetime=""2022-01-01T12:00:00Z"">01/01/2022</time>
"
211003197,USA,Affordable Clean Energy (ACE) United States of America (2019),Affordable Clean Energy (ACE),Country,,United States of America,,,"Codes and standards, Vehicle fuel-economy and emissions standards","Electricity and heat, Coal",The ACE rule repealed the Obama-era Clean Power Plan (CPP) and establishes emission guidelines for states limit CO2 of coal-fired power plants. The new rule is weaker than the former CPP and encourage heat rate improvements in coal-fired plants.,Energy efficiency,,In force,2019,,,Unknown,Mitigation,https://www.epa.gov/stationary-sources-air-pollution/affordable-clean-energy-rule,,
211000951,USA,Energy Rating System for Buildings - Chicago United States of America (2019),Energy Rating System for Buildings - Chicago,City,,United States of America,,Chicago,"Information provision, Building codes and standards","Buildings, Construction","On November 21st, 2017, the Chicago City Council created the Chicago Energy Rating System with the goals of improving the visibility and transparency of the information reported under the existing Chicago Energy Benchmarking Ordinance (adopted in 2013). The original Energy Benchmarking Ordinance requires large buildings (those 50,000 square feet or greater) to report energy use once per year, with additional data verification required every 3 years. The Chicago Energy Rating System updates from 2017 do not change the reporting requirements, but instead are intended to make the reported information more visible and easier to understand. IEA/IRENA Global Renewable Energy Policies and Measures Database © OECD/IEA and IRENA, [November 2020]",Energy efficiency,,In force,2019,,,Unknown,Mitigation,https://www.iea.org/policies/8530-energy-rating-system-for-buildings-chicago?country=United%20States&amp;qs=united,,
211003269,USA,General Aviation Fuel Tax (GAFT) United States of America (2019),General Aviation Fuel Tax (GAFT),Country,,United States of America,,,Energy and other taxes,"Transport, Air","Applies to gasoline and kerosene used for non-commercial aviation purposes at a rate of USD 0.193 per gallon and USD 0.218 per gallon, respectively (OECD 2019).","Energy service demand reduction and resource efficiency, Energy efficiency, Renewables, Other low-carbon technologies and fuel switch, Non-energy use",,In force,2019,,,Unknown,Mitigation,https://www.oecd.org/tax/taxing-energy-use-efde7a25-en.htm,,
211000540,USA,Colorado Regulation No. 7: Control of Ozone Precursors and Control of Hydrocarbons via Oil and Gas Emissions United States of America (2019),Colorado Regulation No. 7: Control of Ozone Precursors and Control of Hydrocarbons via Oil and Gas Emissions,Subnational region,,United States of America,Colorado,,"Obligation schemes, Other mandatory requirements",Industry,,Non-energy use,,In force,2019,,,Unknown,Mitigation,https://www.iea.org/policies/8857-colorado-regulation-no-7-control-of-ozone-precursors-and-control-of-hydrocarbons-via-oil-and-gas-emissions-as-amended-in-february-2021,,
211002172,USA,Office of Indian Energy Policy and Programs Grant United States of America (2019),Office of Indian Energy Policy and Programs Grant,Country,,United States of America,,,Grants and subsidies,"Electricity and heat, Renewables","DOE&#039;s Office of Indian Energy provides funding to Indian Tribes (including Alaska Native Regional Corporations and Village Corporations) and Tribal Energy Resource Development Organizations to: (1) install energy efficiency measures and clean energy systems on tribal buildings; and to (2) deploy clean energy systems on a community-scale on Indian Lands . IEA/IRENA Global Renewable Energy Policies and Measures Database © OECD/IEA and IRENA, [November 2020]",Renewables,,In force,2019,,,Unknown,Mitigation,https://www.iea.org/policies/2447-office-of-indian-energy-policy-and-programs-grant?country=United%20States&amp;qs=united,,
211000906,USA,Energy Efficiency Obligation (New Jersey) United States of America (2018),Energy Efficiency Obligation (New Jersey),Subnational region,,United States of America,New Jersey,,"Strategic planning, Obligation schemes","Buildings, Industry","In 2018, the New Jersey legislature enacted A.B. 3723 to adoped an energy efficiency program for each electric and natural gas utility by 2% annually. The NJ Board of Public Utilities is considering a draft strategic plan that would iachieve a 56% increase in efficiency savings by 2022. IEA/IRENA Global Renewable Energy Policies and Measures Database © OECD/IEA and IRENA, [November 2020]",Energy efficiency,,In force,2018,,,Unknown,Mitigation,https://www.iea.org/policies/7759-new-jersey-energy-efficiency-obligation?country=United%20States&amp;qs=united,,
211001097,USA,Executive Order 13834: Efficient Federal Operations United States of America (2018),Executive Order 13834: Efficient Federal Operations,Country,,United States of America,,,Strategic planning,Buildings,"EO 13834 affirms legislative targets related to energy and environmental performance of executive departments and agencies, including that the head of each agency shall meet, in a cost-effective manner, goals including: (a) Achieve and maintain annual reductions in building energy use and implement energy efficiency measures that reduce costs; (b) Utilize performance contracting to achieve energy, water, building modernization, and infrastructure goals. IEA/IRENA Global Renewable Energy Policies and Measures Database © OECD/IEA and IRENA, [November 2020]",Energy efficiency,,In force,2018,,,Unknown,Mitigation,https://www.iea.org/policies/7760-executive-order-13834-efficient-federal-operations?country=United%20States&amp;qs=united,,
211000040,USA,2015 IECC with Amendments (Pennsylvania) United States of America (2018),2015 IECC with Amendments (Pennsylvania),Subnational region,,United States of America,Pennsylvania,,Building codes and standards,"Buildings, Construction","Commercial Energy Efficiency Code
Application to replacement fenestration products IEA/IRENA Global Renewable Energy Policies and Measures Database © OECD/IEA and IRENA, [November 2020]",Energy efficiency,,In force,2018,,,Unknown,Mitigation,https://www.iea.org/policies/7125-2015-iecc-with-amendments-pennsylvania?country=United%20States&amp;qs=united,,
211003200,USA,Bipartisan Budget Act United States of America (2018),Bipartisan Budget Act,Country,,United States of America,,,Tax relief,"Electricity and heat, CCS, Industry, Negative emissions",The Bipartisan Budget Act of 2018 provides tax credits for carbon capture and sequestration.,Other low-carbon technologies and fuel switch,,In force,2018,,,High,Mitigation,https://www.congress.gov/bill/115th-congress/house-bill/1892/text,,
211000043,USA,2015 IECC with Amendments - State Building Code (Pennsylvania) United States of America (2018),2015 IECC with Amendments - State Building Code (Pennsylvania),Subnational region,,United States of America,Pennsylvania,,Building codes and standards,"Buildings, Construction",,Energy efficiency,,In force,2018,,,Unknown,Mitigation,https://www.iea.org/policies/7124-2015-iecc-with-amendments-state-building-code-pennsylvania?country=United%20States&amp;qs=united,,
211000042,USA,2015 IECC with Amendments - Residential Building code (Virginia) United States of America (2018),2015 IECC with Amendments - Residential Building code (Virginia),Subnational region,,United States of America,Virginia,,Building codes and standards,"Buildings, Construction",,Energy efficiency,,In force,2018,,,Unknown,Mitigation,https://www.iea.org/policies/7138-2015-iecc-with-amendments-residential-building-code-virginia?country=United%20States&amp;qs=united,,
211000041,USA,2015 IECC with Amendments - Commercial Building Code (Virginia) United States of America (2018),2015 IECC with Amendments - Commercial Building Code (Virginia),Subnational region,,United States of America,Virginia,,Building codes and standards,"Buildings, Construction",,Energy efficiency,,In force,2018,,,Unknown,Mitigation,https://www.iea.org/policies/7137-2015-iecc-with-amendments-commercial-building-code-virginia?country=United%20States&amp;qs=united,,
211003136,USA,Zero-Emission Vehicle Investment Initiative United States of America (2018),Zero-Emission Vehicle Investment Initiative,Subnational region,,United States of America,California,,"Infrastructure investments, Fiscal or financial incentives, Strategic planning","Transport, Low-emissions mobility, Light-duty vehicles","The Governor announced a new target of 5 million ZEVs in California by 2030, as well as Infrastructure investments to increase the number of charging points. The administration is also proposing a 8-year initiative continuing the rebates on clean vehicles and spurring more Infrastructure investmentss. This $2.5 billion initiative will help bring 250,000 vehicle charging stations and 200 hydrogen fueling stations to California by 2025.",Other low-carbon technologies and fuel switch,,In force,2018,,,Unknown,Mitigation,https://www.ca.gov/archive/gov39/2018/01/26/governor-brown-takes-action-to-increase-zero-emission-vehicles-fund-new-climate-investments/index.html,,
211002733,USA,State Building Code (Nevada) United States of America (2018),State Building Code (Nevada),Subnational region,,United States of America,Nevada,,Building codes and standards,"Buildings, Construction",,Energy efficiency,,Ended,2018,,,Unknown,Mitigation,https://www.iea.org/policies/7088-iecc-2018-state-building-code-nevada?country=United%20States&amp;qs=united,,
211000905,USA,Energy Efficiency Obligation (New Hampshire) United States of America (2018),Energy Efficiency Obligation (New Hampshire),Subnational region,,United States of America,New Hampshire,,"White certificates, Obligation schemes","Buildings, Industry","In 2018, the New Hampsire Public Utilities Commission approved EERS levels for the years 2018-2020, with incremental electric savings of 0.8% in 2018, ramping to 1.3% in 2020. Natural gas savings similiarly ramp, from 0.7% to 0.8% over that period. IEA/IRENA Global Renewable Energy Policies and Measures Database © OECD/IEA and IRENA, [November 2020]",Energy efficiency,,In force,2018,,,Unknown,Mitigation,https://www.iea.org/policies/7758-new-hampshire-energy-efficiency-obligation?country=United%20States&amp;qs=united,,
211000044,USA,CAFE/GHG Rule United States of America (2017),CAFE/GHG Rule,Country,,United States of America,,,Vehicle fuel-economy and emissions standards,"Transport, Light-duty vehicles","U.S. Tier 3 standards phase in from 2017–2025 and apply to vehicles up to 14,000 lbs gross vehicle weight. Once fully phased-in, Tier 3 tailpipe PM and NOx+NMOG emission limits for light- and medium-duty passenger vehicles are the most stringent in the world. IEA/IRENA Global Renewable Energy Policies and Measures Database © OECD/IEA and IRENA, [November 2020]",Energy efficiency,,Ended,2017,,,Unknown,Mitigation,https://www.iea.org/policies/8477-2017-2025-cafeghg-rule?country=United%20States&amp;qs=united,,
211003339,USA,Presidential Executive Order on Promoting Energy Independence and Economic Growth United States of America (2017),Presidential Executive Order on Promoting Energy Independence and Economic Growth,Country,,United States of America,,,"Strategic planning, Regulatory Instruments","Electricity and heat, Oil, Gas","This Executive Order promotes the exploration and production of fossil fuels on domestic lands by removing or modifying current regulations, including reviewing the Clean Power Plan implemented by the previous administration and other agency rules, removing the moratorium on leasing federal lands for coal, and streamlining the approval process for oil and gas production, including the use hydraulic fracturing (fracking) and similar techniques.
This executive order was reversed by the Biden administration in 2021.",Energy service demand reduction and resource efficiency,,Ended,2017,,,Unknown,Economic development,https://www.federalregister.gov/documents/2017/03/31/2017-06576/promoting-energy-independence-and-economic-growth,,
211000063,USA,50001 Ready Program United States of America (2017),50001 Ready Program,Country,,United States of America,,,Voluntary approaches,Industry,"The U.S. Department of Energy’s (DOE’s) 50001 Ready program is a self-guided approach for facilities to establish an energy management system and self-attest to the structure of ISO 50001, a voluntary global standard for energy management systems in industrial, commercial, and institutional facilities. IEA/IRENA Global Renewable Energy Policies and Measures Database © OECD/IEA and IRENA, [November 2020]",Energy efficiency,,In force,2017,,,Unknown,Mitigation,https://www.iea.org/policies/7761-50001-ready?country=United%20States&amp;qs=united,,
211000039,USA,2015 IECC with Amendments (Massachusetts) United States of America (2017),2015 IECC with Amendments (Massachusetts),Subnational region,,United States of America,Massachusetts,,Building codes and standards,"Buildings, Construction",,Energy efficiency,,In force,2017,,,Unknown,Mitigation,https://www.iea.org/policies/7077-2015-iecc-with-amendments-massachusetts?country=United%20States&amp;qs=united,,
211001699,USA,Light-duty GHG emissions and fuel consumption standards United States of America (2017),Light-duty GHG emissions and fuel consumption standards,Country,,United States of America,,,"Sectoral standards, Vehicle fuel-economy and emissions standards","Transport, Light-duty vehicles","The standards are projected to result in an average industry fleetwide level of 163 grams/mile of carbon dioxide (CO2) in model year 2025, which is equivalent to 54.5 miles per gallon (mpg) if achieved exclusively through fuel economy improvements
Target
- 54.5 mpg (is 23.2 km/l) by 2025
Divided by passenger cars and light trucks the CAFE standard for the period 2017-2025
- 143 gCO2/mile for passenger cars (=62.1 mi/gallon / 26.4 km/l)
- 203 gCO2/mile for light-duty vehicles (=43.8 mi/gallon / 18.6 km/l)","Energy service demand reduction and resource efficiency, Energy efficiency",,Superseded,2017,2017,2025,High,Mitigation,"http://www3.epa.gov/otaq/climate/regs-light-duty.htm
https://www3.epa.gov/otaq/climate/documents/420f12051.pdf
http://transportpolicy.net/index.php?title=US:_Light-duty:_Emissions
http://transportpolicy.net/index.php?title=US:_Light-duty:_Fuel_Economy_and_GHG","
          
  
    Name
              GHG emissions reduction (%)
          

  
    Base year
              1990
          

  
    Target year
              2030
          
75% by 2050, reduction in national energy use, share of renewables in the total energy mix, 40% share in electricity production
  
    Value
              40.00
          

      -------
          
  
    Name
              Energy efficiency improvement target (%)
          

  
    Base year
              2015
          

  
    Target year
              2050
          

  
    Value
              50.00
          

      ",
211000170,USA,Alternative Fuel Vehicle Community Partner Projects United States of America (2017),Alternative Fuel Vehicle Community Partner Projects,Country,,United States of America,,,"Vehicle fuel-economy and emissions standards, Voluntary approaches","Transport, Light-duty vehicles","Two projects were selected under Area 3 of the 2016 Vehicle Technologies Multi-topic funding opportunity announcement. These projects were awarded in 2017 and will significantly accelerate the use of light-, medium-, and heavy-duty vehicles that operate on alternative fuels, as well as the supporting fueling infrastructure. Led by community-based partnerships between state and local governments and key private sector stakeholders, these projects will help catalyze alternative fuel use nationwide through the collection and sharing of best practices and lessons learned. IEA/IRENA Global Renewable Energy Policies and Measures Database © OECD/IEA and IRENA, [November 2020]",Other low-carbon technologies and fuel switch,,In force,2017,,,Unknown,Mitigation,https://www.iea.org/policies/2696-alternative-fuel-vehicle-community-partner-projects?country=United%20States&amp;qs=united,,
211001385,USA,Greenhouse Gas Emissions and Fuel Efficiency Standards for Medium- and Heavy-Duty Engines and Vehicles (Phase 2) United States of America (2016),Greenhouse Gas Emissions and Fuel Efficiency Standards for Medium- and Heavy-Duty Engines and Vehicles (Phase 2),Country,,United States of America,,,Vehicle fuel-economy and emissions standards,"Transport, Heavy-duty vehicles","The U.S. Environmental Protection Agency and the Department of Transportation’s National Highway Traffic Safety Administration jointly finalized standards for medium- and heavy-duty vehicles that would improve fuel efficiency and cut carbon pollution to reduce the impacts of climate change, while bolstering energy security and spurring manufacturing innovation.",Energy efficiency,,Superseded,2016,,,Unknown,"Energy security, Mitigation",https://www.federalregister.gov/documents/2016/10/25/2016-21203/greenhouse-gas-emissions-and-fuel-efficiency-standards-for-medium--and-heavy-duty-engines-and,,
211001740,USA,Low or No Emission Vehicle Program - 5339 United States of America (2016),Low or No Emission Vehicle Program - 5339,Country,,United States of America,,,Grants and subsidies,"Transport, Heavy-duty vehicles","The Low or No Emission Competitive program provides funding to state and local governmental authorities for the purchase or lease of zero-emission and low-emission transit buses as well as acquisition, construction, and leasing of required supporting facilities. Under the FAST Act, $55 million per year is available until fiscal year 2020. IEA/IRENA Global Renewable Energy Policies and Measures Database © OECD/IEA and IRENA, [November 2020]",Other low-carbon technologies and fuel switch,,Ended,2016,,2020,Unknown,Mitigation,https://www.iea.org/policies/2449-low-or-no-emission-vehicle-program-5339?country=United%20States&amp;page=2&amp;qs=united,,
211105417,USA,Methane waste prevention rule United States of America (2016),Methane waste prevention rule,Country,,United States of America,,,"Regulatory Instruments, Other mandatory requirements, Target","Industry, Fossil fuel exploration and production",This policy sets out standards for oil and gas production to reduce CH4 emissions by 35% from 2014 levels by 2025. A November 2018 amendment removed requirements of the 2016 rule.,Energy service demand reduction and resource efficiency,,In force,2016,,,High,Mitigation,https://www.federalregister.gov/documents/2024/04/10/2024-06827/waste-prevention-production-subject-to-royalties-and-resource-conservation,,"<time datetime=""2025-02-17T12:00:00Z"">17/02/2025</time>
"
211001748,USA,MEPS Microwave (Standby) United States of America (2016),MEPS Microwave (Standby),Country,,United States of America,,,Product standards,"Buildings, Appliances","DOE identified several technology options that could reduce power consumption in standby mode including lower-power display options; cooking sensors with no standby power requirement; improved power supply and control board options; and automatic power-down. IEA/IRENA Global Renewable Energy Policies and Measures Database © OECD/IEA and IRENA, [November 2020]",Energy efficiency,,In force,2016,,,Unknown,Mitigation,https://www.iea.org/policies/8479-meps-microwave-standby?country=United%20States&amp;page=2&amp;qs=united,,
211001448,USA,Hydroelectric Production Incentive Program United States of America (2016),Hydroelectric Production Incentive Program,Country,,United States of America,,,"Fiscal or financial incentives, Feed-in tariffs or premiums","Electricity and heat, Renewables","Supports the expansion of hydropower energy development at existing dams through an incentive payment procedure. Qualified hydroelectric facilities–existing powered or non-powered dams and conduits that added a new turbine or other hydroelectric generating device–may receive up to 1.8 cents per kilowatt hour, indexed for inflation (approximately 2.3 cents per kilowatt hour today) with maximum payments of $750,000 per year for hydroelectric energy generated by the facility during the incentive period. (See reference below for details.) IEA/IRENA Global Renewable Energy Policies and Measures Database © OECD/IEA and IRENA, [November 2020]",Renewables,,In force,2016,,,Unknown,Mitigation,https://www.iea.org/policies/6251-hydroelectric-production-incentive-program?country=United%20States&amp;page=2&amp;qs=united,,
211001417,USA,Hawaii Energy Code (HEC) United States of America (2015),Hawaii Energy Code (HEC),Subnational region,,United States of America,Hawaii,,Building codes and standards,"Buildings, Construction","The Hawaii Energy Code (HEC) adopted the 2015 IECC and ASHRAE 90.1-2013 with amendments by the State Building Council on July 14, 2015. The HEC must be adopted separately by the four counties. State law (Act 164, 2014), requires that if the counties do not adopt HEC by 2017, the HEC becomes the interim code for the counties. (For details, see reference below.) IEA/IRENA Global Renewable Energy Policies and Measures Database © OECD/IEA and IRENA, [November 2020]",Energy efficiency,,In force,2015,,,Unknown,Mitigation,https://www.iea.org/policies/7065-hawaii-energy-code-hec?country=United%20States&amp;page=2,,
211000578,USA,Consolidated Appropriations Act 2016 United States of America (2015),Consolidated Appropriations Act 2016,Country,,United States of America,,,Tax relief,"Buildings, Hot water and cooking","Consolidated Appropriations Act of 2016 Extends the investment tax credit (from the Energy Policy Act of 2005) for solar water heaters through 2019, decreasing to 26% in 2020, 22% in 2021, then remaining at 10% in 2022 and after.",Renewables,,In force,2015,2016,,Unknown,Mitigation,http://www.lse.ac.uk/GranthamInstitute/law/consolidated-appropriations-act-2016/,,
211001704,USA,Linear Fluorescent Lamps (MEPS) United States of America (2015),Linear Fluorescent Lamps (MEPS),Country,,United States of America,,,Product standards,"Buildings, Appliances","Initial standards for linear fluorescent lamps were enacted by Congress in the Energy Policy Act of 1992, building on standards developed by states. DOE published a final rule for updated standards in January 2015. (See reference below for details.) IEA/IRENA Global Renewable Energy Policies and Measures Database © OECD/IEA and IRENA, [November 2020]",Energy efficiency,,In force,2015,,,Unknown,Mitigation,https://www.iea.org/policies/8478-united-states-meps-linear-fluorescent-lamps?country=United%20States&amp;page=3,,
211000772,USA,Intended Nationally Determined Contribution - INDC United States of America (2015),Intended Nationally Determined Contribution - INDC,Country,,United States of America,,,"GHG reduction target, Political &amp; non-binding GHG reduction target",General,Economy-wide target of reducing its greenhouse gas emissions by 26-28 per cent below its 2005 level in 2025 and to make best efforts to reduce its emissions by 28%. The US GHG targets are market as Unkown due to the uncertainty regarding their implementation under the Trump administration.,"Energy efficiency, Energy service demand reduction and resource efficiency, Non-energy use, Other low-carbon technologies and fuel switch, Renewables",,Superseded,2015,,2021,Unknown,Mitigation,http://www4.unfccc.int/submissions/INDC/Published%20Documents/United%20States%20of%20America/1/U.S.%20Cover%20Note%20INDC%20and%20Accompanying%20Information.pdf,"
          
  
    Name
              GHG emissions reduction (GtCO2eq)
          

  
    Base year
              0
          

  
    Target year
              2020
          
EE in Buildings: Provides building codes. Estimates emissions reductions based on BAU scenario. Targets expressed as Building emissions reduction (MtCO2e), Building emissions reduction (%)
  
    Value
              0.01
          

      ",
211002475,USA,Renew300 Federal Renewable Energy Target United States of America (2015),Renew300 Federal Renewable Energy Target,Country,,United States of America,,,"Direct investment, Infrastructure investments",Electricity and heat,"Renew300 is a U.S. Department of Housing and Urban Development (HUD) Initiative that sets a goal of reaching 300 megawatts (MW) of renewable energy through onsite and community scale renewable energy installations at federally assisted housing.
The President’s Climate Action Plan called for a target of 100 MW of installed capacity of renewable energy on-site at federally subsidized housing by 2020. In July 2015, HUD and the U.S. Department of Energy (DOE) announced an expansion of the goal, tripling the target to 300 MW of renewables for low-and-moderate income housing by 2020, and broadening the goal to include community and shared solar installations.",Renewables,,In force,2015,,,Unknown,Mitigation,https://www.hud.gov/sites/documents/RENEW300.PDF,,
211002260,USA,Permitting Under the Clean Air Act United States of America (2015),Permitting Under the Clean Air Act,Country,,United States of America,,,"Monitoring, Auditing","Electricity and heat, Industry","&quot;Operating Permits Issued under Title V of the Clean Air Act: title V of the Clean Air Act requires major sources of air pollutants, and certain other sources, to obtain and operate in compliance with an operating permit. Sources with these &quot;title V permits&quot; are required by the Act to certify compliance with the applicable requirements of their permits at least annually&quot; (EPA)",Energy efficiency,,In force,2015,,,unclear,Air pollution,"https://www.epa.gov/title-v-operating-permits/basic-information-about-operating-permits
https://www.epa.gov/caa-permitting
https://www.epa.gov/title-v-operating-permits",,
211001117,USA,FHA PowerSaver Loan Program United States of America (2015),FHA PowerSaver Loan Program,Country,,United States of America,,,Loans,"Buildings, Appliances",,Energy efficiency,,In force,2015,,,Unknown,Mitigation,https://www.energy.gov/sites/prod/files/2014/05/f15/introducing_the_new_powersaver_loan_program_from_hud-fha_presentation.pdf,,
211001359,USA,Green Power Purchasing Goal for Federal Government United States of America (2015),Green Power Purchasing Goal for Federal Government,Country,,United States of America,,,Policy support,"Electricity and heat, Renewables",,Renewables,,In force,2015,,,Unknown,Mitigation,https://www.energy.gov/eere/femp/federal-energy-management-program#re,,
211000580,USA,Consumer Central Air Conditioners and Heat Pumps United States of America (2015),Consumer Central Air Conditioners and Heat Pumps,Country,,United States of America,,,Building codes and standards,"Buildings, Construction","Residential central air conditioners and heat pumps are installed as part of a homes central heating and cooling system. They use ducts to distribute cooled or dehumidified air to more than one room. Residential central air conditioners and heat pumps include split system central air conditioners and heat pumps; single package central air conditioners; single package heat pumps; small-duct high-velocity products; and space constrained products. IEA/IRENA Global Renewable Energy Policies and Measures Database © OECD/IEA and IRENA, [November 2020]",Energy efficiency,,In force,2015,,,Unknown,Mitigation,https://www.iea.org/policies/8465-consumer-central-air-conditioners-and-heat-pumps?country=United%20States&amp;page=2&amp;qs=united,,
211000324,USA,Building Blocks for Climate Smart Agriculture &amp; Forestry United States of America (2015),Building Blocks for Climate Smart Agriculture &amp; Forestry,Country,,United States of America,,,"Fiscal or financial incentives, Voluntary approaches","Agriculture and forestry, Agricultural CH4, Agricultural CO2, Agricultural N2O, Forestry","Emissions reduction in AFOLU sector by more than 120 Mt CO2e per year by 2025. The strategy includes ten building blocks that promote the
adoption of GHG mitigating technologies and practices in the context of working production systems. The building blocks focus on a specific set of USDA’s agricultural, forestry, and energy-related programs to encourage GHG reductions, while also providing multiple economic
and environmental co-benefits. These actions, such as cutting energy waste and promoting renewable energy in rural communities, are expected to reduce emissions by more than 120 Mt CO2e per year by 2025. (http://unfccc.int/files/national_reports/biennial_reports_and_iar/submitted_biennial_reports/application/pdf/2016_second_biennial_report_of_the_united_states_.pdf)","Energy service demand reduction and resource efficiency, Non-energy use",,In force,2015,2015,,Unknown,"Mitigation, Land use, Energy security",http://www.usda.gov/documents/building-blocks-implementation-plan-progress-report.pdf,,
211001096,USA,Executive Order 13693: Planning for Federal Sustainability in the Next Decade United States of America (2015),Executive Order 13693: Planning for Federal Sustainability in the Next Decade,Country,,United States of America,,,"Strategic planning, Target","Electricity and heat, Buildings","Executive target for the federal government’s GHG emissions to be reduced by 40%, and the share of electricity consumed by the federal agencies to increase to 30% by 2025 (compared to 2008).","Renewables, Energy efficiency, Non-energy use",,In force,2015,,2025,Unknown,Mitigation,https://www.whitehouse.gov/the-press-office/2015/03/19/executive-order-planning-federal-sustainability-next-decade,,
211002742,USA,State and Local Climate and Energy Program United States of America (2015),State and Local Climate and Energy Program,Country,,United States of America,,,"Negotiated agreements (public-private sector), Advice or aid in implementation, Information provision, Strategic planning, Monitoring","Electricity and heat, Renewables",,Renewables,,In force,2015,,,Unknown,Mitigation,https://www.epa.gov/sites/production/files/2017-06/documents/slb_guide_to_program_resources.pdf,,
211001116,USA,FEMA Federal Flood Risk Management Standard United States of America (2015),FEMA Federal Flood Risk Management Standard,Country,,United States of America,,,Codes and standards,"Electricity and heat, Buildings, Transport",Adaptation / flood resilience,Non-energy use,,In force,2015,,,Unknown,Adaptation,http://www.whitehouse.gov/the-press-office/2015/01/30/executive-order-establishing-federal-flood-risk-management-standard-and-,,
211000474,USA,Clean Power Plan United States of America (2014),Clean Power Plan,Country,,United States of America,,,"Regulatory Instruments, Sectoral standards, Target, GHG reduction target","Electricity and heat, Coal, Gas, Renewables","32% reduction in CO2 emissions from the power sector by 2030 from the 2005 level. Amended in August 2015.
This policy was rolled back during the Trump administration, and effectively reinstated by the Biden administration in 2021","Energy efficiency, Other low-carbon technologies and fuel switch, Renewables",,In force,2014,,,High,Mitigation,https://www.federalregister.gov/articles/2014/06/18/2014-13726/carbon-pollution-emission-guidelines-for-existing-stationary-sources-electric-utility-generating,,
211002023,USA,National Program for Heavy-Duty Vehicle GHG Emissions and Fuel Efficiency Standards United States of America (2014),National Program for Heavy-Duty Vehicle GHG Emissions and Fuel Efficiency Standards,Country,,United States of America,,,"Regulatory Instruments, Vehicle fuel-economy and emissions standards","Transport, Heavy-duty vehicles","Greenhouse Gas Emissions Standards and Fuel Efficiency Standards for Medium- and Heavy-Duty Engines and Vehicles (Phase 2).
Fuel efficiency standards for medium- and heavy-duty vehicles. There are four different categories: Combination Tractors, Trailers Pulled by Combination Tractors, Heavy-duty Pickup Trucks and Vans, Vocational Vehicles. The first phase is implemented for the period 2014-2018. The second phase is proposed (2021-2027)
Targets Phase 1 (based on (ICCT, 2015a), see references for more details)
- 5.7 for heavy-duty vehicles, 7.3 for medium-duty vehicles
Phase 2 (based on (ICCT, 2015b), see references for more details)
- 6.1 miles per gallon by 2027 for medium trucks
- 4.6 miles per gallon by 2027 for heavy trucks",Energy efficiency,,In force,2014,2014,,High,Mitigation,http://www.theicct.org/sites/default/files/publications/ICCTpolicyupdate14_USHDV_final.pdf,"
          
  
    Name
              Energy efficiency improvement target (%)
          

  
    Base year
              2005
          

  
    Target year
              2020
          

  
    Value
              24.00
          

      -------
          
  
    Name
              Share of renewables (%)
          

  
    Target year
              2024
          
Share of renewable in electricity production
  
    Value
              35.00
          

      ",
211002611,USA,Rural Energy for America Program (REAP) Energy Audit and Renewable Energy Development Assistance (EA/REDA) Program United States of America (2014),Rural Energy for America Program (REAP) Energy Audit and Renewable Energy Development Assistance (EA/REDA) Program,Country,,United States of America,,,"Grants and subsidies, Auditing",Agriculture and forestry,,Renewables,,In force,2014,,,Unknown,Mitigation,http://www.rd.usda.gov/programs-services/rural-energy-america-program-energy-audit-renewable-energy-development-assistance,,
211000076,USA,Accelerate Energy Productivity 2030 United States of America (2014),Accelerate Energy Productivity 2030,Country,,United States of America,,,"Target, Energy efficiency target, Strategic planning, Political &amp; non-binding energy efficiency target","Buildings, Electricity and heat, General, Industry, Transport","This is a strategy responds to the presidential call to action to double energy productivity (GDP(US$(2005))/EJ) betwen 2010 and 2030. The strategy divides the measures into six wedges that together should meet this overall target Wedges: transportation, Technologies for Buildings Energy Productivity, Smart Energy Systems, Financing for Buildings Energy Productivity, Smart Manufacturing, Water Infrastructure:
Target
- 100% increase in energy productivity (GDP(US$2005)/EJ) between 2010 and 2030",Energy efficiency,,In force,2014,2015,2030,unclear,Mitigation,"http://www.energy2030.org/roadmap
http://energy.gov/sites/prod/files/2015/03/f20/Accelerate%20Energy%20Productivity%202030%20Fact%20Sheet%20Updated.pdf",,"<time datetime=""2023-02-07T12:00:00Z"">07/02/2023</time>
"
211001039,USA,Energy-Efficient New Homes Tax Credit for Home Builders United States of America (2014),Energy-Efficient New Homes Tax Credit for Home Builders,Country,,United States of America,,,Tax relief,Buildings,,Energy efficiency,,Ended,2014,2014,2014,Unknown,Mitigation,http://programs.dsireusa.org/system/program/detail/1272,,
211002960,USA,USDA - High Energy Cost Grant Program United States of America (2014),USDA - High Energy Cost Grant Program,Country,,United States of America,,,Grants and subsidies,Electricity and heat,,Energy efficiency,,In force,2014,2015,,Unknown,Mitigation,http://www.rd.usda.gov/programs-services/high-energy-cost-grants,,
211002769,USA,Strategy to reduce methane emissions United States of America (2014),Strategy to reduce methane emissions,Country,,United States of America,,,Fiscal or financial incentives,"Agriculture and forestry, Agricultural CH4, Industry, Fossil fuel exploration and production, Waste CH4","This strategy summarizes the sources of methane and trends in emissions; setting forth a plan to reduce both domestic and international methane emissions through incentive-based programs and the Administration’s existing authorities; and, outlining the Administration’s efforts to improve measurement of these emissions. This strategy also highlights examples of technologies and industry-led best practices that are already helping to cut methane emissions.",Non-energy use,,In force,2014,,,unclear,Mitigation,https://www.whitehouse.gov/the-press-office/2015/01/14/fact-sheet-administration-takes-steps-forward-climate-action-plan-anno-1,,
211000520,USA,Climate Ready States and Cities Initiative United States of America (2013),Climate Ready States and Cities Initiative,Subnational region,,United States of America,,,"Information and education, Advice or aid in implementation, Information provision",General,,"Energy service demand reduction and resource efficiency, Non-energy use",,In force,2013,,,Unknown,Adaptation,http://www.cdc.gov/climateandhealth/climate_ready.htm,,
211000250,USA,Better Buildings Accelerators United States of America (2013),Better Buildings Accelerators,Country,,United States of America,,,Technology deployment and diffusion,Buildings,"Better Buildings Accelerators are designed to demonstrate specific innovative policies and approaches, which will accelerate investment in energy efficiency upon successful demonstration. Initiated under President Obama&#039;s Climate Action Plan in 2013, each Accelerator is a targeted, short term, partner-focused activity designed to address persistent barriers that stand in the way of greater efficiency. IEA/IRENA Global Renewable Energy Policies and Measures Database © OECD/IEA and IRENA, [November 2020]",Energy efficiency,,In force,2013,,,Unknown,Mitigation,https://www.iea.org/policies/479-better-buildings-accelerators?country=United%20States&amp;page=3,,
211002959,USA,USDA - Biorefinery Assistance Program United States of America (2013),USDA - Biorefinery Assistance Program,Country,,United States of America,,,Loans,"Agriculture and forestry, Industry",,Renewables,,In force,2013,,,Unknown,Mitigation,https://www.rd.usda.gov/programs-services/energy-programs/biorefinery-renewable-chemical-and-biobased-product-manufacturing-assistance-program,,
211002957,USA,US Climate Action Plan United States of America (2013),US Climate Action Plan,Country,,United States of America,,,Policy support,General,,"Energy service demand reduction and resource efficiency, Non-energy use",,Ended,2013,,,Unknown,Adaptation,http://www.whitehouse.gov/sites/default/files/image/president27sclimateactionplan.pdf,,
211000914,USA,Energy Efficiency and Conservation Loan Program United States of America (2013),Energy Efficiency and Conservation Loan Program,Country,,United States of America,,,Loans,General,"In December 2013, the Rural Utilities Service (RUS) -Electric Program published the final rule for the Energy Efficiency and Conservation Loan Program. The final rule implements Section 6101 of the 2008 Farm Bill, and expands the electric program ability to make loans for energy efficiency activities (e.g., building weatherization, HVAC upgrades, ground source heat pumps, lighting, small scale renewable generation such as solar and wind, energy audits, soft costs). The new regulation reduces barriers to investment in energy efficiency and promotes rural economic growth by increasing RUS borrowers &#039;financing opportunities. (See reference below for details.) IEA/IRENA Global Renewable Energy Policies and Measures Database © OECD/IEA and IRENA, [November 2020]","Energy efficiency, Renewables",,In force,2013,,,Unknown,Mitigation,https://www.iea.org/policies/2149-energy-efficiency-and-conservation-loan-program?country=United%20States&amp;page=3,,
211000155,USA,Air Quality Standards United States of America (2013),Air Quality Standards,Country,,United States of America,,,Sectoral standards,"Transport, Industry, Industrial N2O",,"Energy service demand reduction and resource efficiency, Non-energy use",,In force,2013,,,Unknown,"Mitigation, Air pollution",http://transportpolicy.net/index.php?title=US:_Air_Quality_Standards,,
211002851,USA,Televisions (MEPS) United States of America (2013),Televisions (MEPS),Country,,United States of America,,,Product standards,"Buildings, Appliances","In October 2013, DOE issued a final test procedure rule, replacing the obsolete TV test method (for analog televisions) which was repealed in 2009. The California Energy Commission (CEC) adopted new television standards in November 2009. The standards established the first-ever active mode power usage limits with a two-phase implementation. IEA/IRENA Global Renewable Energy Policies and Measures Database © OECD/IEA and IRENA, [November 2020]",Energy efficiency,,In force,2013,,,Unknown,Mitigation,https://www.iea.org/policies/7632-meps-television?country=United%20States&amp;page=4,,
211001991,USA,National Infrastructure Protection Plan (NIPP) United States of America (2013),National Infrastructure Protection Plan (NIPP),Country,,United States of America,,,Infrastructure investments,General,,Energy service demand reduction and resource efficiency,,In force,2013,,,Unknown,Adaptation,https://www.cisa.gov/resources-tools/resources/2013-national-infrastructure-protection-plan,,
211002891,USA,The President&#039;s Climate Action Plan Renewable Energy Target United States of America (2013),The President&#039;s Climate Action Plan Renewable Energy Target,Country,,United States of America,,,Renewable energy target,"Electricity and heat, Renewables","The renewable energy decisions linked to this plan are: directing the US Department of the Interior to permit 10 gigawatts (GW) of renewables on public lands by 2020; setting a goal to install 100 megawatts of renewables in federally assisted housing by 2020; and deploying 3 GW of renewables in military installations; The Administration set a goal to double renewable electricity generation (wind, solar, and geothermal) by 2020.
Target
- Double renewable electricity production between 2011 and 2020",Renewables,,Ended,2013,,,High,"Adaptation, Mitigation",http://www.whitehouse.gov/sites/default/files/image/president27sclimateactionplan.pdf,,
211002892,USA,The President&#039;s Climate Action Plan United States of America (2013),The President&#039;s Climate Action Plan,Country,,United States of America,,,"Political &amp; non-binding climate strategy, Policy support, Strategic planning, Target, Energy efficiency target, GHG reduction target, Political &amp; non-binding GHG reduction target, Renewable energy target",General,"The renewable energy decisions linked to this plan are: directing the US Department of the Interior to permit 10 gigawatts (GW) of renewables on public lands by 2020; setting a goal to install 100 megawatts of renewables in federally assisted housing by 2020; and deploying 3 GW of renewables in military installations; to expand the federal government’s Better Building Challenge to focus on helping commercial, industrial, and multi-family buildings become at least 20% more energy efficient by 2020; 17 percent emissions reductions below 2005 levels by 2020.
In March 2017, Trump signed an executive order to officially nullify Obama&#039;s Clean Power Plan in an effort, it said, of reviving the coal industry.","Renewables, Energy efficiency, Non-energy use, Energy service demand reduction and resource efficiency",,Ended,2013,,2017,Unknown,Mitigation,http://www.whitehouse.gov/sites/default/files/image/president27sclimateactionplan.pdf,"
          
  
    Name
              Capacity of renewables (MW)
          

  
    Target year
              2023
          

  
    Value
              11900.00
          

      -------
          
  
    Name
              Capacity of renewables (MW)
          

  
    Target year
              2023
          

  
    Value
              10000.00
          

      ",
211001095,USA,Executive Order 13653: Preparing the United States for the Impacts of Climate Change United States of America (2013),Executive Order 13653: Preparing the United States for the Impacts of Climate Change,Country,,United States of America,,,Strategic planning,General,,"Energy service demand reduction and resource efficiency, Non-energy use",,Ended,2013,,,Unknown,Adaptation,http://www.lse.ac.uk/GranthamInstitute/law/executive-order-13653-preparing-the-united-states-for-the-impacts-of-climate-change/,,
211002368,USA,Public Transportation Emergency Relief Program Grants (MAP-21) United States of America (2013),Public Transportation Emergency Relief Program Grants (MAP-21),Country,,United States of America,,,Infrastructure investments,Transport,,"Energy service demand reduction and resource efficiency, Non-energy use",,In force,2013,,,Unknown,Adaptation,http://www.fta.dot.gov/map21_15025.html,,
211000275,USA,Biofuel Tax Credits United States United States of America (2012),Biofuel Tax Credits United States,Country,,United States of America,,,Tax relief,"Electricity and heat, Renewables, Transport",,Renewables,,In force,2012,,,Unknown,Mitigation,http://transportpolicy.net/index.php?title=US:_Fuels:_Biofuel_tax_credits,,
211000235,USA,"Aviation Low Emissions, Fuel Efficiency, and Renewable Fuels Measures United States of America (2012)","Aviation Low Emissions, Fuel Efficiency, and Renewable Fuels Measures",Country,,United States of America,,,"Information and education, Research &amp; Development and Deployment (RD&amp;D)","Transport, Air",,"Renewables, Energy efficiency, Other low-carbon technologies and fuel switch",,In force,2012,,,Unknown,Mitigation,https://www.sciencedirect.com/science/article/abs/pii/S095965262400920X,,
211000125,USA,Advanced Clean Cars Program United States of America (2012),Advanced Clean Cars Program,Subnational region,,United States of America,California,,"Regulatory Instruments, Codes and standards, Vehicle fuel-economy and emissions standards","Transport, Light-duty vehicles",The Advanced Clean Cars Program consists of a set of regulations to control emissions from passenger vehicles in California.,Non-energy use,,In force,2012,,,Unknown,Mitigation,http://calcleancars.org/about/clean-cars-program/,,
211001441,USA,Home Energy Score United States of America (2012),Home Energy Score,Country,,United States of America,,,"Advice or aid in implementation, Information provision, Performance label, Voluntary approaches","Buildings, Heating and cooling, Hot water and cooking",,Energy efficiency,,In force,2012,,,Unknown,Mitigation,https://betterbuildingssolutioncenter.energy.gov/home-energy-score/home-energy-score-about-score,,
211000408,USA,Carbon Pollution Standard (CPS) United States of America (2012),Carbon Pollution Standard (CPS),Country,,United States of America,,,Sectoral standards,"Electricity and heat, Coal, Industry, Industrial process CO2, Gas",,Energy service demand reduction and resource efficiency,,In force,2012,,,Unknown,Mitigation,https://www.federalregister.gov/articles/2014/01/08/2013-28668/standards-of-performance-for-greenhouse-gas-emissions-from-new-stationary-sources-electric-utility#h-39,,
211001120,USA,Fannie Mae Green Initiative- Loan Program United States of America (2011),Fannie Mae Green Initiative- Loan Program,Country,,United States of America,,,"Fiscal or financial incentives, Loans","Buildings, Appliances",,Energy efficiency,,In force,2011,,,Unknown,Mitigation,https://www.fanniemae.com/multifamily/green-initiative,,
211000606,USA,Cross-State Air Pollution Rule (CSAPR) United States of America (2011),Cross-State Air Pollution Rule (CSAPR),Country,,United States of America,,,Market-based instruments,"Electricity and heat, Industry, Transport",,Non-energy use,,In force,2011,,,Unknown,Air pollution,https://www.epa.gov/csapr/cross-state-air-pollution-final-and-proposed-rules,,
211000251,USA,"Better Plants, Better Buildings United States of America (2011)","Better Plants, Better Buildings",Country,,United States of America,,,"Negotiated agreements (public-private sector), Voluntary approaches","Buildings, Appliances, Heating and cooling, Hot water and cooking","The Better Buildings, Better Plants Program (Better Plants Program) is a national partnership initiative to drive a 25% reduction in industrial energy intensity in 10 years while decreasing carbon emissions and enhancing U.S. competitiveness. The initiative is led by the Advanced Manufacturing Office (AMO) within the U.S. Department of Energy&#039;s (DOE&#039;s) Office of Energy Efficiency and Renewable Energy (EERE).
Leaders of industrial companies are invited to take a corporate-wide voluntary Pledge to reduce the energy intensity of their industrial operations by 25% or more in 10 years. By taking the Pledge, companies are recognized as Better Plants Program Partners and, in partnership with DOE, will work to improve energy management and identify the most cost-effective options for energy and carbon savings.
The U.S. Department of Energy’s Better Buildings, Better Plants Program is an important partnership which consists of close to 160 industrial companies, representing about 2,400 facilities and 11.4% of the total U.S. manufacturing energy footprint as well as several water and wastewater treatment organizations.
In 2011, the Administration launched the Better Buildings initiative to improve the energy use for commercial, industrial, residential, and public buildings by 20% by 2020. The initiative calls on CEOs, university presidents, building owners, state and local government leaders, and residential housing developers to publicly pledge to reduce the energy use of their entire building portfolios.
Target
- 20% reduction of energy efficiency (MJ/m2) between 2011 and 2020 for commercial and residential buildings",Energy efficiency,,Ended,2011,2011,2020,High,Mitigation,https://betterbuildingssolutioncenter.energy.gov/better-plants,,
211001820,USA,Mercury and Air Toxics Standard (MATS) United States of America (2011),Mercury and Air Toxics Standard (MATS),Country,,United States of America,,,Industrial air pollution standards,"Electricity and heat, Coal, Oil",Mercury and Air Toxics Standards (MATS) - standards to reduce air pollution from coal-and oil-fired power plants greater than 25 MW,Energy efficiency,,In force,2011,2015,,Unknown,Air pollution,https://19january2017snapshot.epa.gov/mats_.html,,
211000649,USA,Diesel Emissions Reduction Act of 2010 United States of America (2011),Diesel Emissions Reduction Act of 2010,Country,,United States of America,,,"Grants and subsidies, Vehicle fuel-economy and emissions standards",Transport,,Energy efficiency,,Ended,2011,,2016,Unknown,"Mitigation, Energy security",https://www.congress.gov/111/plaws/publ364/PLAW-111publ364.pdf,,
211002799,USA,Sustainable Communities Regional Planning (SCRP) Grant Program United States of America (2011),Sustainable Communities Regional Planning (SCRP) Grant Program,Country,,United States of America,,,Other mandatory requirements,"Agriculture and forestry, Buildings, Transport",,Energy service demand reduction and resource efficiency,,In force,2011,,,Unknown,"Adaptation, Land use, Economic development",https://www.hud.gov/program_offices/economic_development/sustainable_communities_regional_planning_grants,,
250306672,USA,Better Buildings Challenge United States of America (2011),Better Buildings Challenge,Country,,United States of America,,,"Regulatory Instruments, Codes and standards, Building codes and standards, Information and education, Performance label, Advice or aid in implementation, Information provision, Negotiated agreements (public-private sector), Target, Energy efficiency target, Political &amp; non-binding energy efficiency target","Buildings, Electricity and heat","This program by the U.S. Department of Energy sets out a target to increase energy efficiency in commercial and industrial buildings. This program is a voluntary leadership initiative calling on CEOs, university presidents, building owners, state and local government leaders, and residential housing developers to publicly pledge to reduce the energy use of their entire building portfolios by at least 20% over 10 years. Since 2011, more than 120 partners have met a portfolio-wide energy reduction goal, nearly 20 have achieved an emissions reduction goal, and nearly 40 Financial Allies have met a financing goal.","Energy efficiency, Energy service demand reduction and resource efficiency",,In force,2011,2011,,,Mitigation,"https://betterbuildingssolutioncenter.energy.gov/challenge/about
https://betterbuildingssolutioncenter.energy.gov/sites/default/files/attachments/BetterBuildings_Progress_Report_2024.pdf",,"<time datetime=""2025-02-17T12:00:00Z"">17/02/2025</time>
"
211000305,USA,Blueprint for a secure energy fugure United States of America (2011),Blueprint for a secure energy fugure,Country,,United States of America,,,Strategic planning,General,"A plan to secure America&#039;s energy future. Contains multiple aspirational goals, that overlap for a large part with Obama&#039;s Climate Plan. These are (Government of USA, 2011)
- Challenges Americans to double renewable electricity generation again by 2020
- Directs the Interior Department to make energy project permitting more robust
- Commits to safer production and cleaner electricity from natural gas.
- Supports a responsible nuclear waste strategy
- Sets a goal to cut net oil imports in half by the end of the decade
- Commits to partnering with the private sector to adopt natural gas and other alternative fuels in the Nation’s trucking fleet
- Establishes a new goal to double American energy productivity by 2030
- Challenges States to Cut Energy Waste and Support Energy Efficiency and Modernize the Grid
- Commits to build on the success of existing partnerships with the public and private sector to use energy wisely
- Calls for sustained investments in technologies that promote maximum productivity of energy use and reduce waste
- Leads efforts through the Clean Energy Ministerial and other fora to promote energy efficiency and the development and deployment of clean energy
- Works through the G20 and other fora toward the global phase out of inefficient fossil fuel subsidies
- Promotes safe and responsible oil and natural gas development
- Updates our international capabilities to strengthen energy security
- Supports American nuclear exports
Target
- Reduce oil import by 50% between 2010 and 2020","Energy service demand reduction and resource efficiency, Energy efficiency, Renewables",,In force,2011,,,High,"Mitigation, Energy security",https://www.whitehouse.gov/the-press-office/2013/03/15/fact-sheet-president-obama-s-blueprint-clean-and-secure-energy-future,"
          
  
    Name
              GHG emissions reduction (GtCO2eq)
          

  
    Base year
              1990
          

  
    Target year
              2030
          
Forest sink increase (MtCO2e), Forest sink increase (%)
  
    Value
              0.04
          

      ",
211000594,USA,Copenhagen Accord pledge of United States United States of America (2010),Copenhagen Accord pledge of United States,Country,,United States of America,,,"Strategic planning, GHG reduction target, Political &amp; non-binding GHG reduction target",General,"17% reduction target, subject to revision after legislation. The US GHG targets are market as Unkown due to the uncertainty regarding their implementation under the Trump administration.","Energy service demand reduction and resource efficiency, Energy efficiency, Renewables, Other low-carbon technologies and fuel switch, Non-energy use",,Ended,2010,2010,2020,Unknown,Mitigation,http://unfccc.int/files/meetings/cop_15/copenhagen_accord/application/pdf/unitedstatescphaccord_app.1.pdf,,"<time datetime=""2023-02-07T12:00:00Z"">07/02/2023</time>
"
211001773,USA,Mandatory Reporting of Greenhouse Gases Rule United States of America (2010),Mandatory Reporting of Greenhouse Gases Rule,Country,,United States of America,,,"Regulatory Instruments, Monitoring","Electricity and heat, Industry, Transport, Industrial energy related, Waste CH4, Industrial process CO2, Fluorinated gases, Heavy-duty vehicles, Shipping, Industrial N2O, Fossil fuel exploration and production",,"Energy service demand reduction and resource efficiency, Energy efficiency, Renewables, Other low-carbon technologies and fuel switch, Non-energy use",,In force,2010,,,Unknown,Mitigation,http://www.epa.gov/climatechange/emissions/ghgrulemaking.html,,
211001134,USA,Federal Fleet Conservation Requirements United States of America (2010),Federal Fleet Conservation Requirements,Country,,United States of America,,,"Codes and standards, Obligation schemes","Transport, Light-duty vehicles, Heavy-duty vehicles, Shipping",,Energy efficiency,,Superseded,2010,,,Unknown,Mitigation,http://www1.eere.energy.gov/femp/program/fedfleet_requirements.html,,
211001868,USA,Motorcycles emissions regulation United States of America (2010),Motorcycles emissions regulation,Country,,United States of America,,,Sectoral standards,"Transport, Light-duty vehicles","Standards for Motorcycles of all engine sizes from 2010 onwards are HC+NOX (g/km): o.8, CO (g/km): 12","Energy service demand reduction and resource efficiency, Energy efficiency",,In force,2010,,,Unknown,"Mitigation, Air pollution",http://transportpolicy.net/index.php?title=US:_Motorcycles:_Emissions,,
211002541,USA,Renewable Resource Data Center United States of America (2010),Renewable Resource Data Center,Country,,United States of America,,,Information provision,"Electricity and heat, Renewables","The Renewable Resource Data Center (RReDC) provides access to extensive renewable energy resource information through tools, maps, reports and data collections. IEA/IRENA Global Renewable Energy Policies and Measures Database © OECD/IEA and IRENA, [November 2020]",Renewables,,In force,2010,,,Unknown,Mitigation,https://www.iea.org/policies/5037-renewable-resource-data-center?country=United%20States&amp;page=4,,
211002673,USA,Smart from the Start Initiative United States of America (2010),Smart from the Start Initiative,Country,,United States of America,,,Codes and standards,"Electricity and heat, Renewables","The Smart from the Start Initiative is an initiative to promote development of the vast wind potential, including Outer Continental Shelf (OCS) Atlantic winds, of the United States. The Smart from the Start Initiative works to ensure that the process of issuing leases for renewable energy development on the OCS is streamlined and facilitates environmentally responsible development. (For details, see reference below.) IEA/IRENA Global Renewable Energy Policies and Measures Database © OECD/IEA and IRENA, [November 2020]",Renewables,,In force,2010,,,Unknown,Mitigation,https://www.iea.org/policies/5584-smart-from-the-start-initiative?country=United%20States&amp;page=4,,
211003198,USA,Alternative Fuel Vehicle Tax Credits United States of America (2010),Alternative Fuel Vehicle Tax Credits,Country,,United States of America,,,Tax relief,"Transport, Low-emissions mobility","Federal tax credits are provided to encourage the purchase of electric, hybrid, and/or alternative-fuel vehicles (Alternative Fuel Vehicle Tax Credits)
Supported by distinct regulations such as:
- American Recovery and Reinvestment Act of 2009 (ARRA2009)
- Energy Policy Act (Public Law 109-58, 2005)
- Energy Independence and Security Act (Public Law 110-140, 2007)
- Energy Improvement and Extension Act (Public Law 111-5, 2008)",Other low-carbon technologies and fuel switch,,In force,2010,2010,,Unknown,Mitigation,https://www.fueleconomy.gov/feg/taxevb.shtml,,
211001791,USA,Marine and Hydrokinetic Technology Database United States of America (2009),Marine and Hydrokinetic Technology Database,Country,,United States of America,,,"Information and education, Information provision","Electricity and heat, Renewables",,Renewables,,In force,2009,,,Unknown,Mitigation,http://www.eere.energy.gov/windandhydro/hydrokinetic/default.aspx,,
211001792,USA,Marine emissions regulation United States of America (2009),Marine emissions regulation,Country,,United States of America,,,"Sectoral standards, Vehicle fuel-economy and emissions standards","Transport, Shipping",,"Energy service demand reduction and resource efficiency, Energy efficiency",,In force,2009,,,Unknown,"Mitigation, Air pollution",http://transportpolicy.net/index.php?title=US:_Marine:_Emissions,,
211002191,USA,Onshore Renewable Energy Development Programs United States of America (2009),Onshore Renewable Energy Development Programs,Country,,United States of America,,,"Grants and subsidies, Information provision","Electricity and heat, Renewables",,Renewables,,In force,2009,,,Unknown,Mitigation,https://www.energy.gov/eere/wind/offshore-wind-research-and-development,,
211002177,USA,Offshore Renewable Energy Program United States of America (2009),Offshore Renewable Energy Program,Country,,United States of America,,,Codes and standards,"Electricity and heat, Renewables",,Renewables,,In force,2009,,,Unknown,Mitigation,http://www.boem.gov/Renewable-Energy/,,
211001038,USA,Energy-Efficient Federal Motor Vehicle Fleet Procurement United States of America (2009),Energy-Efficient Federal Motor Vehicle Fleet Procurement,Country,,United States of America,,,Procurement rules,Transport,,Energy efficiency,,Superseded,2009,,,Unknown,Mitigation,https://www.iea.org/policies/153-energy-efficient-federal-motor-vehicle-fleet-procurement?country=United%20States&amp;page=6,,
211001505,USA,Industrial Facilities Initiative (IFI) United States of America (2009),Industrial Facilities Initiative (IFI),Country,,United States of America,,,"Fiscal or financial incentives, Grants and subsidies, Advice or aid in implementation, Regulatory Instruments",Industry,,Energy efficiency,,Superseded,2009,,,Unknown,Mitigation,https://www.energy.gov/eere/femp/federal-energy-management-program,,
211003199,USA,American Recovery and Reinvestment Act United States of America (2009),American Recovery and Reinvestment Act,Country,,United States of America,,,"Infrastructure investments, Building codes and standards","Electricity and heat, Buildings, Construction",Funding for smart grid projects in the American Recovery and Reinvestment Act of 2009 (ARRA2009),"Renewables, Energy efficiency",,In force,2009,,,High,Mitigation,https://www.congress.gov/bill/111th-congress/house-bill/1/text,,
211001165,USA,Final Rule on Renewable Energy and Alternate Uses of Existing Facilities on the Outer Continental Shelf United States of America (2009),Final Rule on Renewable Energy and Alternate Uses of Existing Facilities on the Outer Continental Shelf,Country,,United States of America,,,"Other mandatory requirements, Technology development","Electricity and heat, Renewables",,Renewables,,Superseded,2009,,,Unknown,Mitigation,https://www.federalregister.gov/documents/2009/04/29/E9-9462/renewable-energy-and-alternate-uses-of-existing-facilities-on-the-outer-continental-shelf,,
211000523,USA,Climate Showcase Communities Grant Program United States of America (2009),Climate Showcase Communities Grant Program,Country,,United States of America,,,"Funds to sub-national governments, Grants and subsidies, Advice or aid in implementation, Information provision","Buildings, Electricity and heat, General",,"Energy service demand reduction and resource efficiency, Energy efficiency, Renewables, Other low-carbon technologies and fuel switch, Non-energy use",,In force,2009,,,Unknown,Mitigation,http://www.epa.gov/statelocalclimate/local/showcase/index.html,,
211001333,USA,Grants for Impact Aid Construction United States of America (2009),Grants for Impact Aid Construction,Country,,United States of America,,,Grants and subsidies,General,,"Energy service demand reduction and resource efficiency, Energy efficiency, Renewables, Other low-carbon technologies and fuel switch, Non-energy use",,Ended,2009,,,Unknown,Mitigation,https://www.iea.org/policies/1633-grants-for-impact-aid-construction,,
211003101,USA,Waste Energy Recovery Registry (WERR) United States of America (2009),Waste Energy Recovery Registry (WERR),Country,,United States of America,,,"Regulatory Instruments, Obligation schemes",Electricity and heat,,Non-energy use,,Ended,2009,,,Unknown,Mitigation,https://www.federalregister.gov/documents/2009/07/23/E9-17550/waste-energy-recovery-registry,,
211000346,USA,Bureau of Land Management Renewable Energy Resources United States of America (2009),Bureau of Land Management Renewable Energy Resources,Country,,United States of America,,,"Grants and subsidies, Strategic planning",Electricity and heat,"The Department of Interior Bureau of Land Management (BLM) works with local communities, state regulators, industry, and other Federal agencies in building a clean energy future by providing sites for environmentally sound development of renewable energy on public lands. Renewable energy projects on BLM-managed lands include wind, solar, geothermal, and biomass projects and the siting of transmission facilities needed to deliver this power to the consumer.
Recent program activities have included updated guidance documents for developing renewables on public lands, new proposed rules for establishing a competitive leasing process, and proposed rules that will ease right-of-way applications for lands for solar and wind development.",Renewables,,In force,2009,,,Unknown,Mitigation,https://www.blm.gov/programs/energy-and-minerals/renewable-energy,,
211000968,USA,Energy Storage for Transportation and Electric Power (U.S. Energy Storage Competitiveness Act of 2007) United States of America (2009),Energy Storage for Transportation and Electric Power (U.S. Energy Storage Competitiveness Act of 2007),Country,,United States of America,,,Demonstration project,"Transport, Low-emissions mobility",,Other low-carbon technologies and fuel switch,,Ended,2009,,,Unknown,Mitigation,https://www.law.cornell.edu/uscode/text/42/17231,,
211000212,USA,Assisted Housing Stability and Energy and Green Retrofit Investments United States of America (2009),Assisted Housing Stability and Energy and Green Retrofit Investments,Country,,United States of America,,,"Loans, Grants and subsidies","Buildings, Construction",,Energy efficiency,,Ended,2009,,,Unknown,Mitigation,https://www.federalgrantswire.com/assisted-housing-stability-and-energy-and-green-retrofit-investments-program-recovery-act-funded.html,,
211001447,USA,Hydrodynamic Testing Facilities Database United States of America (2009),Hydrodynamic Testing Facilities Database,Country,,United States of America,,,"Information and education, Information provision","Electricity and heat, Renewables",,Renewables,,In force,2009,,,Unknown,Mitigation,http://www.eere.energy.gov/windandhydro/hydrodynamic/,,
211001001,USA,Energy efficiency Enforcement Regulations United States of America (2009),Energy efficiency Enforcement Regulations,Country,,United States of America,,,"Monitoring, Advice or aid in implementation, Policy support, Institutional creation","Buildings, Appliances",,Energy efficiency,,Superseded,2009,,,Unknown,Mitigation,https://www.nrel.gov/docs/fy10osti/46532.pdf,,
211000422,USA,Cellulosic Biofuel Producer Tax Credit United States of America (2009),Cellulosic Biofuel Producer Tax Credit,Country,,United States of America,,,Fiscal or financial incentives,"Transport, Light-duty vehicles, Heavy-duty vehicles",,Renewables,,Ended,2009,,,Unknown,Mitigation,https://fas.org/sgp/crs/misc/R40110.pdf,,
211003129,USA,Wood-to-Energy Grants United States of America (2009),Wood-to-Energy Grants,Country,,United States of America,,,"Grants and subsidies, Fiscal or financial incentives","Electricity and heat, Renewables",,Renewables,,In force,2009,,,Unknown,Mitigation,https://www.fs.usda.gov/science-technology/energy-forest-products/wood-innovation/grants,,
211001126,USA,Federal Appliance Standards United States of America (2009),Federal Appliance Standards,Country,,United States of America,,,Product standards,"Buildings, Appliances","&quot;The Appliance and Equipment Standards Program’s current priority is to realize, by 2030, energy savings from appliance standards avoiding at least 3 billion metric tons of carbon emissions in support of the President’s Climate Action Plan. Specifically, the current schedule includes:
– 2014-2016: Complete 26 standards rulemakings, covering 30 products
– 2017-2020: Complete 10 standards rulemakings, covering 12 products&quot; (DOE, 2016b)
By 2025, the energy use intensity (energy use per square foot the buildings sector will be at least 20% lower than in 2010 (DOE, 2016b)
Efficiency standards already adopted during the Obama administration will reduce CO2 emissions by 2.2 billion metric tons through 2030 (ASAP, 2016)",Energy efficiency,,In force,2009,,,High,Mitigation,"http://www.eere.energy.gov/buildings/appliance_standards
http://www.appliance-standards.org/sites/default/files/Progress_toward_3_billion_CO2_reduction_Jan%202016.pdf","
          
  
    Name
              Vehicle emissions standards (gCO2/km)
          

  
    Target year
              2020
          
Low-emissions vehicles (number), Low-emissions vehicles (%), Low-emissions vehicles (number/year), Low-emissions vehicles (%)
  
    Value
              5000000.00
          

      ",
211001094,USA,"Executive Order 13514: Federal Leadership in Environmental, Energy, and Economic Performance United States of America (2009)","Executive Order 13514: Federal Leadership in Environmental, Energy, and Economic Performance",Country,,United States of America,,,"Strategic planning, Obligation schemes, Other mandatory requirements, Procurement rules, Institutional creation","Electricity and heat, Transport",Executive,"Renewables, Energy efficiency, Non-energy use",,In force,2009,,,Unknown,"Mitigation, Adaptation",https://www.energy.gov/sites/prod/files/2017/01/f34/eo13514_fleethandbook.pdf,,
211002845,USA,Technical Assistance Program (TAP) United States of America (2009),Technical Assistance Program (TAP),Country,,United States of America,,,"Negotiated agreements (public-private sector), Voluntary approaches",Buildings,,Energy efficiency,,Superseded,2009,,,Unknown,Mitigation,http://www1.eere.energy.gov/wip/assistance.html,,
211000193,USA,American Recovery and Reinvestment Act United States of America (2009),American Recovery and Reinvestment Act,Country,,United States of America,,,"Funds to sub-national governments, Infrastructure investments, Procurement rules, Fiscal or financial incentives, Grants and subsidies, Tax relief, Professional training and qualification, Monitoring, Research programme, Technology deployment and diffusion, Technology development","Electricity and heat, Industry, Transport, Renewables",Legislative,"Renewables, Energy efficiency",,Ended,2009,,,Unknown,Mitigation,http://www.ustreas.gov/recovery/,,
211000787,USA,Electric Drive Vehicle Battery and Component Manufacturing Initiative United States of America (2009),Electric Drive Vehicle Battery and Component Manufacturing Initiative,Country,,United States of America,,,Grants and subsidies,"Transport, Low-emissions mobility",,Energy efficiency,,Ended,2009,,,Unknown,Mitigation,https://www.greencarcongress.com/2009/03/doe-to-award-up-to-24b-for-advanced-batteries-electric-drive-components-and-electric-drive-vehicle-d.html,,
211000988,USA,Energy and Climate Partnership of the Americas United States of America (2009),Energy and Climate Partnership of the Americas,Country,,United States of America,,,"Information and education, Advice or aid in implementation, Policy support, Institutional creation, Voluntary approaches, Public voluntary schemes","Electricity and heat, Renewables",,Renewables,,In force,2009,,,Unknown,Mitigation,https://www.energy.gov/ia/initiatives/energy-and-climate-partnership-americas,,
211000194,USA,American Recovery and Reinvestment Act: Appropriations for Clean Energy United States of America (2009),American Recovery and Reinvestment Act: Appropriations for Clean Energy,Country,,United States of America,,,"Technology deployment and diffusion, Tax relief, Grants and subsidies, Procurement rules, Infrastructure investments, Technology development","Transport, Buildings, Industry",,"Renewables, Energy efficiency",,Ended,2009,,,Unknown,Mitigation,https://archive.epa.gov/recovery/web/pdf/local_guide_to_arra.pdf,,
211002252,USA,Partnership for Sustainable Communities United States of America (2009),Partnership for Sustainable Communities,Country,,United States of America,,,"Grants and subsidies, Advice or aid in implementation","Buildings, Transport",,Non-energy use,,In force,2009,,,Unknown,Mitigation,https://19january2017snapshot.epa.gov/smartgrowth/hud-dot-epa-partnership-sustainable-communities_.html,,
211000273,USA,Biofuel Regional Feedstock Partnerships United States of America (2009),Biofuel Regional Feedstock Partnerships,Country,,United States of America,,,Technology development,"Electricity and heat, Transport, Agriculture and forestry, Renewables",,"Renewables, Other low-carbon technologies and fuel switch",,In force,2009,,,Unknown,Mitigation,https://www.energy.gov/eere/bioenergy/downloads/regional-feedstock-partnership-report,,
211000924,USA,Energy Efficient Retrofits United States of America (2009),Energy Efficient Retrofits,Country,,United States of America,,,"Procurement rules, Direct investment","Electricity and heat, Buildings",,Energy efficiency,,Ended,2009,,,Unknown,Mitigation,https://www.ase.org/sites/ase.org/files/arra_summary.pdf,,
211002104,USA,New Federal Buildings Regulations United States of America (2008),New Federal Buildings Regulations,Country,,United States of America,,,"Codes and standards, Building codes and standards","Buildings, Construction",,Energy efficiency,,Superseded,2008,,,Unknown,Mitigation,https://www.federalregister.gov/documents/2008/10/15/E8-24425/federal-management-regulation-redesignations-of-federal-buildings,,
211001711,USA,Locomotives emissions regulation United States of America (2008),Locomotives emissions regulation,Country,,United States of America,,,"Sectoral standards, Vehicle fuel-economy and emissions standards","Transport, Rail",,"Energy service demand reduction and resource efficiency, Energy efficiency",,In force,2008,,,Unknown,"Mitigation, Air pollution",http://transportpolicy.net/index.php?title=US:_Locomotives:_Emissions,,
211001365,USA,Green Racing Initiative United States of America (2008),Green Racing Initiative,Country,,United States of America,,,"Information and education, Information provision, Research &amp; Development and Deployment (RD&amp;D), Demonstration project, Voluntary approaches, Negotiated agreements (public-private sector)",Transport,,Energy efficiency,,In force,2008,,,Unknown,Mitigation,http://epa.gov/otaq/ld-hwy/420f10012.htm,,
211000930,USA,Energy Improvement and Extension Act United States of America (2008),Energy Improvement and Extension Act,Country,,United States of America,,,Tax relief,"Buildings, Electricity and heat",Renewables,"Renewables, Energy efficiency",,Superseded,2008,,,Unknown,Mitigation,https://www.congress.gov/bill/110th-congress/house-bill/6049,,
211000079,USA,Accelerated Recovery Period for Depreciation of Smart Meters and Smart Grid Systems United States of America (2008),Accelerated Recovery Period for Depreciation of Smart Meters and Smart Grid Systems,Country,,United States of America,,,"Tax relief, Economic instruments","Buildings, Electricity and heat",,Energy efficiency,,In force,2008,,,Unknown,Mitigation,https://www.iea.org/policies/1074-accelerated-recovery-period-for-depreciation-of-smart-meters-and-smart-grid-systems?country=United%20States&amp;page=6&amp;qs=germany,,
211000358,USA,CO2 Capture and Sequestration Tax Credit United States of America (2008),CO2 Capture and Sequestration Tax Credit,Country,,United States of America,,,Tax relief,"Electricity and heat, CCS, Industry, Industrial process CO2",This policy was updated in 2020: the tax credits increased from 10-20 USD to 35-50 USD per metric ton of CO2,Other low-carbon technologies and fuel switch,,In force,2008,,,High,Mitigation,http://www.irs.gov/irb/2009-44_IRB/ar11.html,,
211000233,USA,Aviation Fuel Efficiency Goal United States of America (2008),Aviation Fuel Efficiency Goal,Country,,United States of America,,,Energy efficiency target,"Transport, Air",improve aviation fuel efficiency per revenue plane-mile by 2% per year through 2015,Energy efficiency,,Ended,2008,,2015,Unknown,Mitigation,https://www.energy.gov/articles/doe-releases-roadmap-achieve-carbon-neutral-aviation-emissions,,
211001930,USA,National Data Center Energy efficiency Information Programme United States of America (2008),National Data Center Energy efficiency Information Programme,Country,,United States of America,,,"Institutional creation, Advice or aid in implementation, Comparison label, Endorsement label, Information provision",General,,Energy efficiency,,Ended,2008,,,Unknown,Mitigation,https://nepis.epa.gov/Exe/ZyPURL.cgi?Dockey=P100WUQA.TXT,,
211001011,USA,Energy efficiency and Conservation Block Grant Program United States of America (2008),Energy efficiency and Conservation Block Grant Program,Country,,United States of America,,,"Funds to sub-national governments, Direct investment, Grants and subsidies, Fiscal or financial incentives","Buildings, Transport",,"Energy efficiency, Renewables",,In force,2008,,,Unknown,Mitigation,https://www.energy.gov/eere/wipo/energy-efficiency-and-conservation-block-grant-program,,
211002523,USA,Renewable Fuel Infrastructure Grants United States of America (2008),Renewable Fuel Infrastructure Grants,Country,,United States of America,,,"Grants and subsidies, Advice or aid in implementation",Transport,,"Renewables, Other low-carbon technologies and fuel switch",,In force,2008,,,Unknown,Mitigation,http://www.afdc.energy.gov/afdc/incentives_laws_security.html,,
211000582,USA,"Continuous, Lower Energy, Emissions and Noise (CLEEN) Program United States of America (2008)","Continuous, Lower Energy, Emissions and Noise (CLEEN) Program",Country,,United States of America,,,"Demonstration project, Grants and subsidies, Research &amp; Development and Deployment (RD&amp;D)","Transport, Air",,"Energy efficiency, Non-energy use",,Superseded,2008,,,Unknown,Mitigation,https://www.faa.gov/about/office_org/headquarters_offices/apl/research/aircraft_technology/cleen/,,
211000322,USA,Builders Challenge United States of America (2008),Builders Challenge,Country,,United States of America,,,"Fiscal or financial incentives, Information and education, Advice or aid in implementation, Information provision, Comparison label, Endorsement label",Buildings,"The U.S. Department of Energy (DOE) launched the Builders Challenge on February 14, 2008, calling on the U.S. homebuilding industry to build 220,000 high-performance, energy efficient homes by 2012. The voluntary programme also aims for 1.3 million of these high-performance homes to be built by 2030. IEA/IRENA Global Renewable Energy Policies and Measures Database © OECD/IEA and IRENA, [November 2020]",Energy efficiency,,Superseded,2008,,,Unknown,"Mitigation, Energy access, Economic development",https://www.iea.org/policies/421-builders-challenge?country=United%20States&amp;page=7&amp;qs=brazi,,
211001192,USA,"Food, Conservation, and Energy Act United States of America (2008)","Food, Conservation, and Energy Act",Country,,United States of America,,,"Research &amp; Development and Deployment (RD&amp;D), Tax relief, Grants and subsidies",Agriculture and forestry,,Non-energy use,,Superseded,2008,,,Unknown,Mitigation,https://www.govtrack.us/congress/bills/110/hr2419,,
211000356,USA,CHP Technical Assistance Partnerships (CHP TAPs) United States of America (2008),CHP Technical Assistance Partnerships (CHP TAPs),Country,,United States of America,,,"Grants and subsidies, Advice or aid in implementation, Information provision","Electricity and heat, Industry, Waste CH4",,Energy efficiency,,Ended,2008,2008,2012,Unknown,Mitigation,https://betterbuildingssolutioncenter.energy.gov/resources/chp-technical-assistance-partnerships-chp-taps,,
211000612,USA,DOE Innovations for Existing Plants (IEP) Program: Carbon Dioxide Capture United States of America (2008),DOE Innovations for Existing Plants (IEP) Program: Carbon Dioxide Capture,Country,,United States of America,,,"Demonstration project, Research programme, Technology development","Electricity and heat, CCS",,Other low-carbon technologies and fuel switch,,Superseded,2008,,,Unknown,Mitigation,http://www.fossil.energy.gov/programs/powersystems/pollutioncontrols/,,
211003114,USA,Wind &amp; Water Power Program United States of America (2008),Wind &amp; Water Power Program,Country,,United States of America,,,"Negotiated agreements (public-private sector), Information provision, Advice or aid in implementation, Demonstration project, Technology deployment and diffusion, Technology development, Regulatory Instruments","Electricity and heat, Renewables",,Renewables,,In force,2008,,,Unknown,Mitigation,https://www.energy.gov/sites/prod/files/2015/04/f21/Hydropower%20Project%20Report%20Updated%20April%202015.pdf,,
211002181,USA,Offshore wind and ocean energy testing United States of America (2008),Offshore wind and ocean energy testing,Country,,United States of America,,,Technology development,"Electricity and heat, Renewables",,Renewables,,Superseded,2008,,,Unknown,Mitigation,http://www.eere.energy.gov/states/news_detail.cfm/news_id=11782,,
211002665,USA,Smart Grid Development United States of America (2008),Smart Grid Development,Country,,United States of America,,,"Demonstration project, Infrastructure investments",Electricity and heat,,Renewables,,In force,2008,,,Unknown,Mitigation,"https://www.smartgrid.gov/recovery_act/overview/smart_grid_investment_grant_program.html
http://www.nist.gov/smartgrid/",,
211000316,USA,Bright Tomorrow Lighting Prizes (L-Prizes) United States of America (2008),Bright Tomorrow Lighting Prizes (L-Prizes),Country,,United States of America,,,"Negotiated agreements (public-private sector), Direct investment, Voluntary approaches, RD&amp;D funding, Research &amp; Development and Deployment (RD&amp;D)","Buildings, Appliances",,Energy efficiency,,In force,2008,,,Unknown,Mitigation,https://www.energy.gov/eere/ssl/l-prize-competition-overview,,
211002525,USA,Renewable Fuel Rules - Greenhouse Gas Reduction Thresholds United States of America (2008),Renewable Fuel Rules - Greenhouse Gas Reduction Thresholds,Country,,United States of America,,,"Codes and standards, Regulatory Instruments","Electricity and heat, Renewables",,"Renewables, Other low-carbon technologies and fuel switch",,Superseded,2008,,,Unknown,Mitigation,http://www.epa.gov/otaq/renewablefuels/420f10007.htm,,
211001334,USA,Grants for Production of Advanced Biofuels United States of America (2008),Grants for Production of Advanced Biofuels,Country,,United States of America,,,"Grants and subsidies, Fiscal or financial incentives, Funds to sub-national governments, Tax relief",Transport,,Other low-carbon technologies and fuel switch,,In force,2008,,,Unknown,Mitigation,https://www.rd.usda.gov/newsroom/news-release/producers-38-states-receive-funds-support-advanced-biofuel-production,,
211002204,USA,Operation Change Out - Military Challenge United States of America (2008),Operation Change Out - Military Challenge,Country,,United States of America,,,"Information provision, Public voluntary schemes, Negotiated agreements (public-private sector)",Buildings,Focused on better lighting solutions.,Energy efficiency,,Ended,2008,,,Unknown,"Mitigation, Energy access",https://nepis.epa.gov/Exe/ZyNET.exe/P1017YA0.TXT?ZyActionD=ZyDocument&amp;Client=EPA&amp;Index=2006+Thru+2010&amp;Docs=&amp;Query=&amp;Time=&amp;EndTime=&amp;SearchMethod=1&amp;TocRestrict=n&amp;Toc=&amp;TocEntry=&amp;QField=&amp;QFieldYear=&amp;QFieldMonth=&amp;QFieldDay=&amp;IntQFieldOp=0&amp;ExtQFieldOp=0&amp;XmlQuery=&amp;File=D%3A%5Czyfiles%5CIndex%20Data%5C06thru10%5CTxt%5C00000052%5CP1017YA0.txt&amp;User=ANONYMOUS&amp;Password=anonymous&amp;SortMethod=h%7C-&amp;MaximumDocuments=1&amp;FuzzyDegree=0&amp;ImageQuality=r75g8/r75g8/x150y150g16/i425&amp;Display=hpfr&amp;DefSeekPage=x&amp;SearchBack=ZyActionL&amp;Back=ZyActionS&amp;BackDesc=Results%20page&amp;MaximumPages=1&amp;ZyEntry=1&amp;SeekPage=x&amp;ZyPURL,,
211002277,USA,Plug-in Electric Drive Motor Vehicle Tax Credit United States of America (2008),Plug-in Electric Drive Motor Vehicle Tax Credit,Country,,United States of America,,,"Tax relief, Funds to sub-national governments",Transport,,Other low-carbon technologies and fuel switch,,Ended,2008,,,Unknown,Mitigation,http://www.afdc.energy.gov/afdc/laws/law/US/409,,
211001036,USA,Energy-Efficient Appliance Credit United States of America (2008),Energy-Efficient Appliance Credit,Country,,United States of America,,,"Tax relief, Fiscal or financial incentives","Buildings, Appliances",,Energy efficiency,,Ended,2008,,,Unknown,Mitigation,https://www.iea.org/policies/1778-energy-efficient-appliance-credit,,
211002608,USA,Rural Development Biofuels Programs United States of America (2008),Rural Development Biofuels Programs,Country,,United States of America,,,"Grants and subsidies, Loans","Transport, Electricity and heat, Renewables",,"Renewables, Other low-carbon technologies and fuel switch",,In force,2008,,,Unknown,Mitigation,https://www.iea.org/policies/5586-rural-development-biofuels-programs,,
211002381,USA,Qualified Energy Conservation Bonds (QECBs) United States of America (2008),Qualified Energy Conservation Bonds (QECBs),Country,,United States of America,,,"Fiscal or financial incentives, Funds to sub-national governments","Buildings, Electricity and heat",,Energy efficiency,,In force,2008,,,Unknown,Mitigation,https://www.energy.gov/sites/prod/files/2014/06/f16/qecb_creb_primer.pdf,,
211003126,USA,Wind power development: MOU between DOE and wind companies United States of America (2008),Wind power development: MOU between DOE and wind companies,Country,,United States of America,,,"Technology development, Technology deployment and diffusion","Electricity and heat, Renewables",,Renewables,,Ended,2008,,,Unknown,Mitigation,https://www.nrel.gov/docs/fy08osti/41869.pdf,,
211001135,USA,Federal Fleet Fueling Centers United States of America (2008),Federal Fleet Fueling Centers,Country,,United States of America,,,"Codes and standards, Infrastructure investments, Other mandatory requirements",Transport,,Energy efficiency,,Ended,2008,,,Unknown,Mitigation,https://www.energy.gov/eere/femp/federal-fleet-management-requirements,,
211000867,USA,Energy Conservation Codes for Public and Assisted Housing United States of America (2008),Energy Conservation Codes for Public and Assisted Housing,Country,,United States of America,,,"Codes and standards, Policy support, Regulatory Instruments",Buildings,,Energy efficiency,,In force,2008,,,Unknown,Mitigation,https://www.epa.gov/sites/production/files/2015-08/documents/affordable_housing.pdf,,
211002939,USA,Transportation and Climate Change Clearinghouse United States of America (2008),Transportation and Climate Change Clearinghouse,Country,,United States of America,,,Information provision,Transport,,"Energy service demand reduction and resource efficiency, Energy efficiency, Renewables, Other low-carbon technologies and fuel switch, Non-energy use",,Superseded,2008,,,Unknown,Mitigation,https://www.transportation.gov/sustainability/climate/about-center,,
211000949,USA,Energy Provisions - National Defense Authorization Act for fiscal year 2009 United States of America (2008),Energy Provisions - National Defense Authorization Act for fiscal year 2009,Country,,United States of America,,,"Direct investment, Procurement rules, Research programme, Technology deployment and diffusion, Other mandatory requirements","Electricity and heat, Renewables",,Renewables,,Ended,2008,,,Unknown,Mitigation,https://www.congress.gov/110/plaws/publ417/PLAW-110publ417.pdf,,
211002848,USA,Technology Commercialization Fund United States of America (2008),Technology Commercialization Fund,Country,,United States of America,,,Technology deployment and diffusion,General,,"Renewables, Energy efficiency",,Ended,2008,,,Unknown,Mitigation,https://www.energy.gov/technologytransitions/initiatives/technology-commercialization-fund,,
211002089,USA,Near-term Transportation Sector Electrification Program United States of America (2008),Near-term Transportation Sector Electrification Program,Country,,United States of America,,,"Technology deployment and diffusion, Grants and subsidies, Technology development","Transport, Low-emissions mobility",,"Energy service demand reduction and resource efficiency, Energy efficiency, Renewables, Other low-carbon technologies and fuel switch, Non-energy use",,Ended,2008,2008,2013,Unknown,Mitigation,http://www.afdc.energy.gov/afdc/laws/eisa,,
211003106,USA,Western Renewable Energy Zones (WREZ) Project United States of America (2008),Western Renewable Energy Zones (WREZ) Project,Subnational region,,United States of America,,,Strategic planning,"Electricity and heat, Renewables",,Renewables,,In force,2008,,,Unknown,Mitigation,https://www.iea.org/policies/4651-western-renewable-energy-zones-wrez-project,,"<time datetime=""2022-01-01T12:00:00Z"">01/01/2022</time>
"
211002609,USA,Rural Energy For America Program (REAP) United States of America (2008),Rural Energy For America Program (REAP),Country,,United States of America,,,"Economic instruments, Grants and subsidies, Loans",Electricity and heat,"The REAP program provides assistance to agricultural producers and rural small businesses to complete a variety of projects. Offering both loan guarantees and grants, the REAP program helps eligible applicants install renewable energy systems such as solar panels or anaerobic digesters, make energy efficiency improvements such as installing irrigation pumps or replacing ventilation systems, and conduct energy audits and feasibility studies.
The REAP program is comprised of three components:
The Renewable Energy System and Energy Efficiency Improvement Guaranteed Loan and Grant Program,
The Energy Audit and Renewable Energy Development Assistance Grant Program, and
The Feasibility Studies Grant Program.",Renewables,,In force,2008,,,Unknown,Mitigation,https://www.taxpayer.net/agriculture/rural-energy-for-america-program-fact-sheet/,,
211001007,USA,Energy efficiency Standard for Manufactured Housing United States of America (2008),Energy efficiency Standard for Manufactured Housing,Country,,United States of America,,,"Policy support, Regulatory Instruments, Codes and standards, Obligation schemes","Buildings, Construction",,Energy efficiency,,Superseded,2008,,,Unknown,Mitigation,https://www.energy.gov/articles/doe-updates-mobile-home-efficiency-standards-lower-household-energy-bills,,
211002667,USA,"Smart Grid Technology Research &amp; Development, and Demonstration United States of America (2008)","Smart Grid Technology Research &amp; Development, and Demonstration",Country,,United States of America,,,"Negotiated agreements (public-private sector), Policy support, Research &amp; Development and Deployment (RD&amp;D)","General, Electricity and heat",,Renewables,,Ended,2008,,,Unknown,Mitigation,https://www.energy.gov/sites/prod/files/oeprod/DocumentsandMedia/DOE_SG_Book_Single_Pages%281%29.pdf,,
211001858,USA,Modernization of Electric Grid United States of America (2008),Modernization of Electric Grid,Country,,United States of America,,,"Information provision, Advice or aid in implementation, Infrastructure investments",Electricity and heat,,Renewables,,Superseded,2008,,,Unknown,Mitigation,https://www.ncsl.org/research/energy/modernizing-the-electric-grid-state-role-and-policy-options.aspx,,
211000697,USA,Duncan Hunter National Defense Authorisation Act for Fiscal Year 2009 Energy Provisions United States of America (2008),Duncan Hunter National Defense Authorisation Act for Fiscal Year 2009,Country,,United States of America,,,Obligation schemes,"Electricity and heat, Oil, Renewables, General, Transport",Legislative. Concerns use of energy and fuel in the armed forces.,"Energy efficiency, Other low-carbon technologies and fuel switch, Renewables",,In force,2008,,,Unknown,Mitigation,https://www.congress.gov/bill/110th-congress/house-bill/5658/text,,
211000231,USA,Automotive X Prize United States of America (2008),Automotive X Prize,Country,,United States of America,,,Information provision,Transport,,"Energy service demand reduction and resource efficiency, Energy efficiency",,Ended,2008,,,Unknown,Mitigation,https://www.xprize.org/prizes/auto,,
211000133,USA,Advanced Technology Vehicle Manufacturing Loan Program United States of America (2008),Advanced Technology Vehicle Manufacturing Loan Program,Country,,United States of America,,,"Loans, Economic instruments","Transport, Light-duty vehicles, Heavy-duty vehicles, Shipping",,Energy efficiency,,In force,2008,,,Unknown,Mitigation,https://fas.org/sgp/crs/misc/R42064.pdf,,
211000424,USA,Center for Geothermal Technology Transfer United States of America (2008),Center for Geothermal Technology Transfer,Country,,United States of America,,,"Information and education, Information provision","Electricity and heat, Renewables",,Renewables,,Ended,2008,,,Unknown,Mitigation,https://www.nrel.gov/docs/fy09osti/46022.pdf,,
211000131,USA,Advanced Manufacturing Office: Industrial Distributed Energy United States of America (2008),Advanced Manufacturing Office: Industrial Distributed Energy,Country,,United States of America,,,"Technology deployment and diffusion, Demonstration project, Research programme, Technology development",General,,"Energy service demand reduction and resource efficiency, Energy efficiency, Renewables, Other low-carbon technologies and fuel switch, Non-energy use",,Superseded,2008,,,Unknown,Mitigation,https://www.iea.org/policies/1696-advanced-manufacturing-office-industrial-distributed-energy?page=3&amp;region=North%20America&amp;type=Obligation%20schemes%2CStrategic%20planning%2CDemonstration%2CGrants%2Fsubsidy%2CCirculation%20tax,,
211002433,USA,Regional Greenhouse Gas Initiative (RGGI) United States of America (2008),Regional Greenhouse Gas Initiative (RGGI),Subnational region,,United States of America,,,GHG emissions allowances,"General, Electricity and heat",,"Energy service demand reduction and resource efficiency, Energy efficiency, Renewables, Non-energy use, Other low-carbon technologies and fuel switch",,In force,2008,,,Unknown,Mitigation,https://www.c2es.org/content/regional-greenhouse-gas-initiative-rggi/,,
211000746,USA,EcoCAR: The NeXt Challege United States of America (2008),EcoCAR: The NeXt Challege,Country,,United States of America,,,"Demonstration project, Research &amp; Development and Deployment (RD&amp;D)","Transport, Light-duty vehicles, Heavy-duty vehicles",,Other low-carbon technologies and fuel switch,,In force,2008,,,Unknown,Mitigation,https://avtcseries.org/about-avtc/past-competitions/ecocar/,,
211001433,USA,High-Performance Green Building Partnership Consortia United States of America (2008),High-Performance Green Building Partnership Consortia,Country,,United States of America,,,"Negotiated agreements (public-private sector), Comparison label, Demonstration project","Buildings, Construction",,Energy efficiency,,Ended,2008,,,Unknown,Mitigation,https://www.federalregister.gov/documents/2008/12/02/E8-28564/formal-recognition-of-high-performance-green-building-partnership-consortia,,
211002376,USA,Publicly Traded Partnership Income Treatment of Alternative Fuels and Industrial Source CO2 United States of America (2008),Publicly Traded Partnership Income Treatment of Alternative Fuels and Industrial Source CO2,Country,,United States of America,,,"Tax relief, Fiscal or financial incentives","Industry, Transport",,"Renewables, Other low-carbon technologies and fuel switch",,In force,2008,,,Unknown,Mitigation,https://www.six-group.com/en/newsroom/news/financial-information/2022/irs-section-1446f-how-to-tackle-the-challenges.html,,
211000341,USA,Building Technologies Program United States of America (2008),Building Technologies Program,Country,,United States of America,,,"Regulatory Instruments, Advice or aid in implementation, Information provision, Research &amp; Development and Deployment (RD&amp;D)",Buildings,,Energy efficiency,,Ended,2008,2008,2012,Unknown,Mitigation,http://www.eere.energy.gov/buildings/,,
211000521,USA,Climate Ready Water Utilities (CRWU) United States of America (2008),Climate Ready Water Utilities (CRWU),Country,,United States of America,,,"Information and education, Advice or aid in implementation, Policy support",General,,"Energy service demand reduction and resource efficiency, Non-energy use",,In force,2008,,,Unknown,"Adaptation, Water",http://water.epa.gov/infrastructure/watersecurity/climate/index.cfm,,
211000219,USA,Australia and South Pacific Initiative to Reduce Emissions (ASPIRE) United States of America (2008),Australia and South Pacific Initiative to Reduce Emissions (ASPIRE),Country,,United States of America,,,"Public voluntary schemes, Research &amp; Development and Deployment (RD&amp;D), Demonstration project, Voluntary approaches","Transport, Light-duty vehicles, Heavy-duty vehicles, Shipping",,Non-energy use,,Superseded,2008,,,Unknown,Mitigation,https://aviationbenefits.org/case-studies/aspire/,,
211002787,USA,Superior Energy Performance (SEP) United States of America (2008),Superior Energy Performance (SEP),Country,,United States of America,,,Voluntary approaches,"Industry, Industrial energy related",,Energy efficiency,,In force,2008,,,Unknown,Mitigation,http://energy.gov/eere/amo/superior-energy-performance,,"<time datetime=""2022-01-01T12:00:00Z"">01/01/2022</time>
"
211002626,USA,Saving Energy in Data Centers United States of America (2008),Saving Energy in Data Centers,Country,,United States of America,,,"Other mandatory requirements, Advice or aid in implementation, Information provision","Electricity and heat, Buildings, Heating and cooling",,Energy efficiency,,In force,2008,,,Unknown,"Mitigation, Economic development",https://www.osti.gov/servlets/purl/1372902,,
211000411,USA,Carbon Sequestration Capacity Assessment United States of America (2007),Carbon Sequestration Capacity Assessment,Country,,United States of America,,,"Research &amp; Development and Deployment (RD&amp;D), Technology deployment and diffusion","Electricity and heat, CCS",,Other low-carbon technologies and fuel switch,,In force,2007,,,Unknown,Mitigation,https://www.cbo.gov/sites/default/files/110th-congress-2007-2008/reports/09-12-carbonsequestration.pdf,,
211000560,USA,Community Renewable Energy Deployment Grants United States of America (2007),Community Renewable Energy Deployment Grants,Subnational region,,United States of America,,,"Funds to sub-national governments, Grants and subsidies","Electricity and heat, Renewables",,Renewables,,In force,2007,,,Unknown,Mitigation,http://www1.eere.energy.gov/office_eere/de_commre_energy_deployment.html,,
211000213,USA,Atlantic Interoperability Initiative to Reduce Emissions (AIRE) United States of America (2007),Atlantic Interoperability Initiative to Reduce Emissions (AIRE),Country,,United States of America,,,"Public voluntary schemes, Research &amp; Development and Deployment (RD&amp;D), Demonstration project, Voluntary approaches","Transport, Light-duty vehicles, Heavy-duty vehicles, Shipping",,"Energy service demand reduction and resource efficiency, Energy efficiency, Renewables, Non-energy use, Other low-carbon technologies and fuel switch",,Superseded,2007,,,Unknown,Mitigation,http://ec.europa.eu/transport/air/environment/aire_en.htm,,
211001054,USA,Environmental Cooperation-Asia Clean Development and Climate Program (ECO-Asia CDCP) United States of America (2007),Environmental Cooperation-Asia Clean Development and Climate Program (ECO-Asia CDCP),Country,,United States of America,,,"Information and education, Advice or aid in implementation, Information provision",General,,"Energy service demand reduction and resource efficiency, Energy efficiency, Renewables, Other low-carbon technologies and fuel switch, Non-energy use",,In force,2007,,,Unknown,Mitigation,https://unfccc.int/resource/docs/natc/usa_nc5.pdf,,
211000264,USA,Bioenergy Research Centers (BRCs) United States of America (2007),Bioenergy Research Centers (BRCs),Country,,United States of America,,,"Research &amp; Development and Deployment (RD&amp;D), Research programme, Technology development","Transport, Electricity and heat, Renewables",,"Renewables, Other low-carbon technologies and fuel switch",,In force,2007,,,Unknown,Mitigation,https://genomicscience.energy.gov/brcs-legacy/,,
211002679,USA,Solar America Showcases United States of America (2007),Solar America Showcases,Country,,United States of America,,,Advice or aid in implementation,"General, Electricity and heat",,Renewables,,Ended,2007,,,Unknown,Mitigation,http://www.eere.energy.gov/solar/solar_america_showcases.html,,
211000347,USA,Burn Wise United States of America (2007),Burn Wise,Country,,United States of America,,,"Information and education, Advice or aid in implementation, Information provision, Research &amp; Development and Deployment (RD&amp;D), Research programme, Voluntary approaches, Negotiated agreements (public-private sector)","Buildings, Appliances, Heating and cooling",,"Energy efficiency, Renewables",,In force,2007,,,Unknown,Mitigation,http://www.epa.gov/burnwise/,,
211002544,USA,Renewable and Energy efficiency Portfolio Standard -- Illinois United States of America (2007),Renewable and Energy efficiency Portfolio Standard -- Illinois,Subnational region,,United States of America,Illinois,,"Codes and standards, Obligation schemes, Other mandatory requirements",Electricity and heat,,Renewables,,In force,2007,,,High,Mitigation,https://www.ncsl.org/research/energy/renewable-portfolio-standards.aspx,,
211001278,USA,Gasoline and Diesel Sulfur Limits United States of America (2007),Gasoline and Diesel Sulfur Limits,Country,,United States of America,,,"Sectoral standards, Vehicle fuel-economy and emissions standards, Product standards",Transport,,"Energy efficiency, Non-energy use",,In force,2007,,,Unknown,Air pollution,http://transportpolicy.net/index.php?title=US:_Fuels:_Diesel_and_Gasoline,,
211000931,USA,Energy Independence and Security Act United States of America (2007),Energy Independence and Security Act,Country,,United States of America,,,"Vehicle fuel-economy and emissions standards, Research &amp; Development and Deployment (RD&amp;D), Building codes and standards, Regulatory Instruments, Sectoral standards","Electricity and heat, Transport, Industry, Heavy-duty vehicles, Light-duty vehicles, Buildings, Appliances, Construction",Legislative,"Energy efficiency, Renewables, Other low-carbon technologies and fuel switch",,In force,2007,,,Unknown,"Mitigation, Energy security",https://www.epa.gov/greeningepa/energy-independence-and-security-act-2007,,
211001093,USA,"Executive Order 13423: Strengthening Federal Environmental, Energy, and Transportation Management United States of America (2007)","Executive Order 13423: Strengthening Federal Environmental, Energy, and Transportation Management",Country,,United States of America,,,"Monitoring, Obligation schemes, Other mandatory requirements, Renewable energy target","Electricity and heat, Transport, Renewables",Executive. 50% of federal agency energy consumption must be met with renewable sources.,"Renewables, Energy efficiency, Other low-carbon technologies and fuel switch",,Superseded,2007,,,Unknown,Mitigation,http://www.gsa.gov/portal/content/102452,,
211000295,USA,Biomass Program: Integrated Biorefineries Subprogram United States of America (2007),Biomass Program: Integrated Biorefineries Subprogram,Country,,United States of America,,,"Research &amp; Development and Deployment (RD&amp;D), Technology development","Transport, Electricity and heat, Renewables, Industry, Waste CH4",,"Renewables, Other low-carbon technologies and fuel switch",,In force,2007,,,Unknown,Mitigation,https://www.energy.gov/eere/bioenergy/integrated-biorefineries,,
211001692,USA,Lifecycle Building Challenge United States of America (2007),Lifecycle Building Challenge,Country,,United States of America,,,"Demonstration project, Research &amp; Development and Deployment (RD&amp;D)",Buildings,,Non-energy use,,Ended,2007,,,Unknown,"Mitigation, Adaptation",http://www.lifecyclebuilding.org/,,
211000363,USA,California Solar Initiative United States of America (2007),California Solar Initiative,Subnational region,,United States of America,,,Grants and subsidies,"Electricity and heat, Renewables",,Renewables,,In force,2007,,,Unknown,Mitigation,https://www.cpuc.ca.gov/-/media/cpuc-website/files/legacyfiles/c/4217-cpucstaffprogreportcsioct08.pdf,,
211001546,USA,International Biofuels Forum (IBF) United States of America (2007),International Biofuels Forum (IBF),Country,,United States of America,,,"Negotiated agreements (public-private sector), Voluntary approaches, Public voluntary schemes","Electricity and heat, Transport, Renewables",,"Renewables, Other low-carbon technologies and fuel switch",,Ended,2007,,,Unknown,Mitigation,https://energy.ec.europa.eu/system/files/2017-02/white_paper_icbs_final_-_for_merge_0.pdf,,
211001378,USA,GreenChill Advanced Refrigeration Partnership United States of America (2007),GreenChill Advanced Refrigeration Partnership,Country,,United States of America,,,"Information and education, Advice or aid in implementation, Information provision, Comparison label, Endorsement label, Voluntary approaches, Negotiated agreements (public-private sector)","Buildings, Industry, Appliances, Industrial energy related, Fluorinated gases",,"Energy efficiency, Non-energy use",,In force,2007,,,Unknown,"Mitigation, Energy security",https://www.epa.gov/greenchill,,
211002529,USA,Renewable Fuel Standard (RFS) United States of America (2007),Renewable Fuel Standard (RFS),Country,,United States of America,,,"Market-based instruments, Policy support, Regulatory Instruments, Codes and standards","Electricity and heat, Renewables, Transport","EPA finalizes the volume requirements and associated percentage standards that apply under the RFS program in calendar years 2014, 2015, and 2016 for cellulosic biofuel, biomass-based diesel, advanced biofuel, and total renewable fuel. EPA also finalizes the volume requirement for biomass-based diesel for 2017. This policy was started in 2007 and has had planned updates since then.",Renewables,,Ended,2007,2007,2022,High,Mitigation,http://www.theicct.org/sites/default/files/publications/ICCTBriefing_RFS2_20140211.pd,"
          
  
    Name
              Vehicle emissions standards (gCO2/km)
          

  
    Target year
              2025
          

  
    Value
              15.00
          

      ","<time datetime=""2023-02-07T12:00:00Z"">07/02/2023</time>
"
211000967,USA,Energy Storage Technology Advancement Act United States of America (2007),Energy Storage Technology Advancement Act,Country,,United States of America,,,"Technology deployment and diffusion, Research &amp; Development and Deployment (RD&amp;D), Demonstration project, Research programme, Technology development, Grid access and priority for renewables","Electricity and heat, Transport",,Energy efficiency,,In force,2007,,,Unknown,Mitigation,https://www.congress.gov/bill/110th-congress/house-bill/3776/text,,
211002677,USA,Solar America Board for Codes and Standards United States of America (2007),Solar America Board for Codes and Standards,Country,,United States of America,,,Codes and standards,"Electricity and heat, Renewables",,Renewables,,In force,2007,,,Unknown,Mitigation,http://www.solarabcs.org/,,
211002946,USA,Twenty in Ten United States of America (2007),Twenty in Ten,Country,,United States of America,,,"Strategic planning, Policy support, Energy efficiency target","Transport, Light-duty vehicles, Heavy-duty vehicles, Shipping",Decrease gasoline consumption by 20% over 10 years,Energy efficiency,,Ended,2007,,,Unknown,Mitigation,https://georgewbush-whitehouse.archives.gov/stateoftheunion/2007/initiatives/energy.html,,
211001413,USA,H-Prize United States of America (2007),H-Prize,Country,,United States of America,,,"Demonstration project, Grants and subsidies, Research &amp; Development and Deployment (RD&amp;D)","Electricity and heat, Transport, Renewables, Light-duty vehicles",,"Renewables, Other low-carbon technologies and fuel switch",,In force,2007,,,Unknown,Mitigation,http://www.hydrogenprize.org/,,
211002625,USA,Save Energy Now State Partnerships United States of America (2007),Save Energy Now State Partnerships,Country,,United States of America,,,"Auditing, Advice or aid in implementation, Information provision, Funds to sub-national governments, Monitoring",Industry,,Energy efficiency,,Superseded,2007,,,Unknown,Mitigation,http://www1.eere.energy.gov/industry/states/index.html,,
211001293,USA,Geologic Sequestration Training and Research United States of America (2007),Geologic Sequestration Training and Research,Country,,United States of America,,,"RD&amp;D funding, Information and education, Professional training and qualification, Research &amp; Development and Deployment (RD&amp;D), Research programme, Technology deployment and diffusion, Technology development, Voluntary approaches, Negotiated agreements (public-private sector)","Industry, Industrial process CO2, Negative emissions",,Other low-carbon technologies and fuel switch,,In force,2007,,,Unknown,Mitigation,http://www.fossil.energy.gov/programs/sequestration/partnerships/index.html,,
211002678,USA,Solar America Cities United States of America (2007),Solar America Cities,Country,,United States of America,,,"Negotiated agreements (public-private sector), Information provision, Funds to sub-national governments, Strategic planning, Regulatory Instruments","Electricity and heat, Buildings",,Renewables,,Ended,2007,,,Unknown,Mitigation,https://www.nrel.gov/docs/fy07osti/41760.pdf,,
211001132,USA,Federal Electronics Challenge United States of America (2007),Federal Electronics Challenge,Country,,United States of America,,,"Public voluntary schemes, Advice or aid in implementation, Information provision, Procurement rules","Buildings, Appliances",,Energy efficiency,,Ended,2007,2007,2013,Unknown,"Mitigation, Energy security",https://www.epa.gov/fec/federal-electronics-challenge-2007-accomplishments-summary-442008,,
211001377,USA,Green the Capitol Initiative United States of America (2007),Green the Capitol Initiative,Country,,United States of America,,,"Procurement rules, Policy support, Institutional creation, Strategic planning","Electricity and heat, Buildings",,Energy efficiency,,Ended,2007,,,Unknown,Mitigation,https://eta-publications.lbl.gov/sites/default/files/lbnl-2605.pdf,,
211002645,USA,Securing a Clean Energy Future Initiative United States of America (2007),Securing a Clean Energy Future Initiative,Country,,United States of America,,,"Information and education, Information provision",Electricity and heat,,Energy efficiency,,Ended,2007,,,Unknown,Mitigation,https://www.energy.gov/eere/articles/securing-americas-clean-energy-future-fact-sheet-energy-efficiency-renewable-energy,,
211002743,USA,State and Local Energy Savings Performance Contracting United States of America (2007),State and Local Energy Savings Performance Contracting,Subnational region,,United States of America,,,"Economic instruments, Procurement rules, Market-based instruments",Buildings,,Energy efficiency,,In force,2007,,,Unknown,Mitigation,https://www.energy.gov/sites/prod/files/2019/02/f59/ESPC-strategies-mv_0.pdf,,
211001107,USA,Expansion of the Save Energy Now Campaign United States of America (2007),Expansion of the Save Energy Now Campaign,Country,,United States of America,,,"Negotiated agreements (public-private sector), Advice or aid in implementation, Information provision, Grants and subsidies, Auditing",Industry,,Energy efficiency,,Superseded,2007,,,Unknown,Mitigation,http://www1.eere.energy.gov/industry/saveenergynow/,,
211000021,USA,18Seconds.org United States of America (2007),18Seconds.org,Country,,United States of America,,,"Information and education, Advice or aid in implementation, Information provision, Comparison label, Endorsement label, Voluntary approaches, Unilateral commitments (private sector)","Buildings, Appliances",,Energy efficiency,,Ended,2007,,,Unknown,Mitigation,https://www.somewhatfrank.com/2007/03/18secondsorg_to.html,,
211001300,USA,Geothermal Resource Leasing and Geothermal Resources Unit Agreements United States of America (2007),Geothermal Resource Leasing and Geothermal Resources Unit Agreements,Country,,United States of America,,,"Regulatory Instruments, Funds to sub-national governments, Policy support, Infrastructure investments","Electricity and heat, Renewables",,Renewables,,Superseded,2007,,,Unknown,Mitigation,https://www.blm.gov/sites/blm.gov/files/Appendix3_3203_1.pdf,,
211002574,USA,Residential Energy efficiency Tax Credit United States of America (2006),Residential Energy efficiency Tax Credit,Country,,United States of America,,,Tax relief,"Buildings, Heating and cooling, Appliances",,Energy efficiency,,Superseded,2006,2006,2007,Unknown,Mitigation,https://programs.dsireusa.org/system/program/detail/1274,,
211002577,USA,Residential Renewable Energy Tax Credit United States of America (2006),Residential Renewable Energy Tax Credit,Country,,United States of America,,,Tax relief,"Electricity and heat, Buildings, Renewables",,Renewables,,In force,2006,,,Unknown,Mitigation,https://programs.dsireusa.org/system/program/detail/1235,,
211000546,USA,Commercial Aviation Alternative Fuels Initiative (CAAFI) United States of America (2006),Commercial Aviation Alternative Fuels Initiative (CAAFI),Country,,United States of America,,,Vehicle fuel-economy and emissions standards,"Transport, Air",,Other low-carbon technologies and fuel switch,,Superseded,2006,,,Unknown,Mitigation,https://www.caafi.org/,,
211001222,USA,Fuel Cell Motor Vehicle Tax Credit United States of America (2006),Fuel Cell Motor Vehicle Tax Credit,Country,,United States of America,,,Tax relief,"Transport, Light-duty vehicles, Heavy-duty vehicles",,Other low-carbon technologies and fuel switch,,Ended,2006,2006,2014,Unknown,Mitigation,https://afdc.energy.gov/laws/350,,
211001364,USA,Green Purchasing Affirmative Procurement Program (GPAPP) United States of America (2006),Green Purchasing Affirmative Procurement Program (GPAPP),Country,,United States of America,,,"Procurement rules, Economic instruments",Agriculture and forestry,,"Energy efficiency, Non-energy use",,In force,2006,,,Unknown,Mitigation,http://www.dm.usda.gov/energyandenvironment/greenpurchasing/index.html,,
211002588,USA,Responsible Appliance Disposal Program United States of America (2006),Responsible Appliance Disposal Program,Country,,United States of America,,,Negotiated agreements (public-private sector),"Buildings, Appliances",,Energy efficiency,,In force,2006,,,Unknown,Mitigation,https://www.epa.gov/sites/default/files/2017-12/documents/epa-rad-10th-anniversary.pdf,,
211000168,USA,Alternative Fuel Infrastructure Tax Credit United States of America (2006),Alternative Fuel Infrastructure Tax Credit,Country,,United States of America,,,Tax relief,"Electricity and heat, Industry, Transport, Gas, Renewables",,Other low-carbon technologies and fuel switch,,Ended,2006,2006,2014,Unknown,Mitigation,https://afdc.energy.gov/laws/10513,,
211002116,USA,New Qualified Hybrid Motor Vehicle Credit United States of America (2006),New Qualified Hybrid Motor Vehicle Credit,Country,,United States of America,,,Tax relief,"Transport, Low-emissions mobility",,Energy efficiency,,Ended,2006,2006,2010,Unknown,Mitigation,https://www.congress.gov/bill/109th-congress/house-bill/4458/all-info,,
211001693,USA,Light Duty Vehicle Fuel Economy and Environment label United States of America (2006),Light Duty Vehicle Fuel Economy and Environment label,Country,,United States of America,,,"Regulatory Instruments, Comparison label","Transport, Light-duty vehicles",,Energy efficiency,,In force,2006,,,Unknown,Mitigation,https://www.iea.org/policies/103-light-duty-vehicle-fuel-economy-and-environment-label,,
211000130,USA,Advanced Lean Burn Vehicle Tax Credit United States of America (2006),Advanced Lean Burn Vehicle Tax Credit,Country,,United States of America,,,Tax relief,"Electricity and heat, Transport, Low-emissions mobility",,Energy efficiency,,Ended,2006,,,Unknown,Mitigation,https://www.irs.gov/newsroom/alternative-motor-vehicle-credit,,
211002123,USA,New Test Methods to Determine Vehicle Fuel Economy United States of America (2006),New Test Methods to Determine Vehicle Fuel Economy,Country,,United States of America,,,"Comparison label, Codes and standards, Vehicle fuel-economy and emissions standards, Monitoring","Transport, Light-duty vehicles",,Energy efficiency,,Planned,2006,,,Unknown,Mitigation,https://www.fueleconomy.gov/feg/how_tested.shtml,,
211001995,USA,National Integrated Drought Information System (NIDIS) United States of America (2006),National Integrated Drought Information System (NIDIS),Country,,United States of America,,,"Information and education, Institutional creation","General, Agriculture and forestry",,Non-energy use,,In force,2006,,,Unknown,Mitigation,http://www.drought.gov/,,
211000175,USA,Alternative Motor Vehicle Credit United States of America (2006),Alternative Motor Vehicle Credit,Country,,United States of America,,,Tax relief,"Transport, Light-duty vehicles, Heavy-duty vehicles, Low-emissions mobility",,Other low-carbon technologies and fuel switch,,In force,2006,,,Unknown,Mitigation,https://www.irs.gov/forms-pubs/about-form-8910,,
211000200,USA,Appliance and Equipment Energy efficiency Standards United States of America (2006),Appliance and Equipment Energy efficiency Standards,Country,,United States of America,,,Codes and standards,"Buildings, Appliances",,Energy efficiency,,In force,2006,,,Unknown,Mitigation,http://www.eere.energy.gov/buildings/appliance_standards/,,
211000604,USA,Credit for holders of Clean Renewable Energy Bonds (CREBs) United States of America (2006),Credit for holders of Clean Renewable Energy Bonds (CREBs),Country,,United States of America,,,"Tax relief, Loans","Electricity and heat, Renewables",,Renewables,,In force,2006,,,Unknown,Mitigation,https://programs.dsireusa.org/system/program/detail/2510,,
211002643,USA,Section 1703/1705 Loan Guarantee Program United States of America (2006),Section 1703/1705 Loan Guarantee Program,Country,,United States of America,,,"Loans, Economic instruments",Electricity and heat,,Energy efficiency,,Ended,2006,2006,2011,Unknown,Mitigation,https://www.iea.org/policies/1595-section-17031705-loan-guarantee-program,,
211000454,USA,Clean Coal Facility Tax Credit United States of America (2006),Clean Coal Facility Tax Credit,Country,,United States of America,,,Tax relief,"Electricity and heat, Coal, CCS",,Other low-carbon technologies and fuel switch,,In force,2006,2006,2025,Unknown,Mitigation,https://fas.org/sgp/crs/misc/R43690.pdf,,
211000127,USA,Advanced Energy Design Guides (AEDG) United States of America (2006),Advanced Energy Design Guides (AEDG),Country,,United States of America,,,"Information and education, Advice or aid in implementation",Buildings,,Energy efficiency,,In force,2006,,,Unknown,Mitigation,https://www.pnnl.gov/main/publications/external/technical_reports/PNNL-16250.pdf,,
211000595,USA,"Corporate Average Fuel Economy (CAFE): Light Truck Fuel Economy Standard Rulemaking, MY 2008-2011 United States of America (2006)","Corporate Average Fuel Economy (CAFE): Light Truck Fuel Economy Standard Rulemaking, MY 2008-2011",Country,,United States of America,,,"Regulatory Instruments, Codes and standards","Transport, Light-duty vehicles, Heavy-duty vehicles",Rollback: replaced by SAFE,Energy efficiency,,Superseded,2006,,2020,Unknown,Mitigation,http://www.nhtsa.gov/fuel-economy,,
211002128,USA,New energy efficient home credit United States of America (2006),New energy efficient home credit,Country,,United States of America,,,Tax relief,"Electricity and heat, Buildings",,Energy efficiency,,Ended,2006,2006,2009,Unknown,Mitigation,https://uscode.house.gov/view.xhtml?req=(title:26%20section:45L%20edition:prelim),,
211001307,USA,Global Bioenergy Partnership United States of America (2006),Global Bioenergy Partnership,Country,,United States of America,,,"Negotiated agreements (public-private sector), Research &amp; Development and Deployment (RD&amp;D), Demonstration project, Research programme, Technology deployment and diffusion, Technology development, Voluntary approaches, Public voluntary schemes","Transport, Electricity and heat, Renewables",,Other low-carbon technologies and fuel switch,,In force,2006,,,Unknown,Mitigation,http://www.globalbioenergy.org/,,
211001548,USA,International Framework for Nuclear Energy Cooperation (IFNEC) United States of America (2006),International Framework for Nuclear Energy Cooperation (IFNEC),Country,,United States of America,,,Voluntary approaches,"Electricity and heat, Nuclear",,Other low-carbon technologies and fuel switch,,Ended,2006,,,Unknown,Mitigation,https://www.world-nuclear.org/information-library/current-and-future-generation/international-framework-for-nuclear-energy-coopera.aspx,,
211001894,USA,National Appliance Energy Conservation Act - New Efficiency Standard for Residential Heating and Cooling United States of America (2006),National Appliance Energy Conservation Act - New Efficiency Standard for Residential Heating and Cooling,Country,,United States of America,,,"Regulatory Instruments, Codes and standards, Building codes and standards","Buildings, Appliances, Construction","National Appliance Energy Conservation Act of 1987 set minimum efficiency standards for various appliance categories with periodic upates, including refrigerators (2014), dishwashers (2013), fluroescent lamps (2014), clothes washers and dryers (2015), air conditioners (2014), central conditioners and heat pumps (2015), water heaters (2015), boilers.",Energy efficiency,,In force,2006,,,High,Mitigation,http://www.energycodes.gov/,,
211000605,USA,Credit for production from advanced nuclear power facilities United States of America (2006),Credit for production from advanced nuclear power facilities,Country,,United States of America,,,Tax relief,"Electricity and heat, Nuclear",,Other low-carbon technologies and fuel switch,,Ended,2006,2006,2020,Unknown,Mitigation,https://www.andretaxco.com/adv-nuclear-production-credit,,
211000632,USA,Deduction for certain energy efficient commercial building property United States of America (2006),Deduction for certain energy efficient commercial building property,Country,,United States of America,,,Tax relief,Buildings,,Energy efficiency,,Ended,2006,2006,2013,Unknown,Mitigation,https://www.energy.gov/eere/buildings/179d-commercial-buildings-energy-efficiency-tax-deduction,,
211001037,USA,Energy-Efficient Commercial Buildings Tax Deduction United States of America (2006),Energy-Efficient Commercial Buildings Tax Deduction,Country,,United States of America,,,Tax relief,Buildings,,Energy efficiency,,Ended,2006,2006,2014,Unknown,Mitigation,http://www.efficientbuildings.org/,,
211000201,USA,Appliances and Commercial Equipment Standards Program: Schedule for Forthcoming Appliance Efficiency Standard Upgrades United States of America (2006),Appliances and Commercial Equipment Standards Program: Schedule for Forthcoming Appliance Efficiency Standard Upgrades,Country,,United States of America,,,"Codes and standards, Strategic planning, Regulatory Instruments","Buildings, Appliances",,Energy efficiency,,Superseded,2006,,,Unknown,Mitigation,https://www.energy.gov/eere/buildings/appliance-and-equipment-standards-program,,
211001138,USA,Federal Leadership in High Performance and Sustainable Buildings Memorandum of Understanding (MOU) United States of America (2006),Federal Leadership in High Performance and Sustainable Buildings Memorandum of Understanding (MOU),Country,,United States of America,,,"Public voluntary schemes, Strategic planning, Direct investment",Buildings,,Energy efficiency,,Superseded,2006,,,Unknown,Mitigation,http://www1.eere.energy.gov/femp/regulations/requirements_by_subject.html,,
211002680,USA,Solar America United States of America (2006),Solar America,Country,,United States of America,,,"Information and education, Advice or aid in implementation, Policy support, Strategic planning, Research &amp; Development and Deployment (RD&amp;D)","Electricity and heat, Renewables",,Renewables,,Superseded,2006,,,Unknown,Mitigation,http://www1.eere.energy.gov/solar/solar_america/index.html,,
211001884,USA,National Action Plan for Energy efficiency (NAPEE) United States of America (2006),National Action Plan for Energy efficiency (NAPEE),Country,,United States of America,,,"Information and education, Advice or aid in implementation, Information provision, Comparison label, Endorsement label, Negotiated agreements (public-private sector)",Electricity and heat,,Energy efficiency,,Ended,2006,,,Unknown,Mitigation,https://www.iea.org/policies/1963-national-action-plan-for-energy-efficiency-napee,,
211001261,USA,Furnaces and Boilers - New Efficiency Standards United States of America (2006),Furnaces and Boilers - New Efficiency Standards,Country,,United States of America,,,Codes and standards,"Buildings, Appliances",,Energy efficiency,,In force,2006,,,Unknown,Mitigation,"https://www.buildinggreen.com/newsbrief/doe-proposes-new-furnace-efficiency-standards#:~:text=The%20U.S.%20Department%20of%20Energy%20%28DOE%29%20proposed%20new,met%20by%20most%20furnaces%20on%20the%20market%20today.",,"<time datetime=""2023-02-07T12:00:00Z"">07/02/2023</time>
"
211001801,USA,Maryland Clean Energy Production Tax Credit United States of America (2006),Maryland Clean Energy Production Tax Credit,Subnational region,,United States of America,Maryland,,Tax relief,"Electricity and heat, Renewables",,Renewables,,In force,2006,,,Unknown,Mitigation,https://energy.maryland.gov/business/Pages/Incentives/CleanEnergyTaxCredit.aspx,,
211000733,USA,Easy Ways to Save Energy Campaign United States of America (2005),Easy Ways to Save Energy Campaign,Country,,United States of America,,,"Information and education, Advice or aid in implementation, Information provision, Comparison label, Endorsement label, Negotiated agreements (public-private sector)","Electricity and heat, Buildings",,Energy efficiency,,Ended,2005,,,Unknown,Mitigation,http://www1.eere.energy.gov/industry/saveenergynow/pdfs/save_energy_fs.pdf,,
211001148,USA,Federal Wind Siting Information Center United States of America (2005),Federal Wind Siting Information Center,Country,,United States of America,,,"Information and education, Information provision, Research &amp; Development and Deployment (RD&amp;D), Research programme, Technology deployment and diffusion","Electricity and heat, Renewables",,Renewables,,Ended,2005,,,Unknown,Mitigation,https://digitalcommons.wcl.american.edu/cgi/viewcontent.cgi?article=1126&amp;context=sdlp,,
211000652,USA,Diesel Occupational Health Regulations United States of America (2005),Diesel Occupational Health Regulations,Country,,United States of America,,,Sectoral standards,"Industry, Transport, Industrial process CO2, Industrial N2O, Electricity and heat, Coal",,Non-energy use,,In force,2005,,,Unknown,Mitigation,http://transportpolicy.net/index.php?title=US:_Diesel_Occupational_Health_Regulations,,
211001432,USA,High Temperature Superconductivity (HTS) Program United States of America (2005),High Temperature Superconductivity (HTS) Program,Country,,United States of America,,,"Demonstration project, Research &amp; Development and Deployment (RD&amp;D)",Electricity and heat,,Energy efficiency,,In force,2005,,,Unknown,Mitigation,https://www.iea.org/policies/1459-high-temperature-superconductivity-hts-program,,
211002734,USA,State Climate and Energy Program United States of America (2005),State Climate and Energy Program,Subnational region,,United States of America,,,"Political &amp; non-binding climate strategy, Advice or aid in implementation, Policy support, Institutional creation, Strategic planning",General,,"Energy service demand reduction and resource efficiency, Energy efficiency, Renewables, Other low-carbon technologies and fuel switch, Non-energy use",,In force,2005,,,Unknown,Mitigation,http://www.epa.gov/statelocalclimate/state/partner/index.html,,
211001534,USA,Interconnection Standards for Small Generators United States of America (2005),Interconnection Standards for Small Generators,Country,,United States of America,,,Codes and standards,Electricity and heat,,"Energy efficiency, Renewables",,In force,2005,,,Unknown,Mitigation,https://www.iea.org/policies/4989-interconnection-standards-for-small-generators,,
211001452,USA,Hydrogen and Fuel Cell Technologies (HFCT) United States of America (2005),Hydrogen and Fuel Cell Technologies (HFCT),Country,,United States of America,,,"Information and education, Advice or aid in implementation, Information provision, Policy support, Research &amp; Development and Deployment (RD&amp;D), Demonstration project, Technology deployment and diffusion, Technology development","Electricity and heat, Transport",,Other low-carbon technologies and fuel switch,,In force,2005,,,Unknown,Mitigation,http://www.eere.energy.gov/hydrogenandfuelcells/,,
211000210,USA,Asia-Pacific Partnership on Clean Development and Climate United States of America (2005),Asia-Pacific Partnership on Clean Development and Climate,Country,,United States of America,,,Strategic planning,General,,"Energy service demand reduction and resource efficiency, Energy efficiency, Renewables, Non-energy use, Other low-carbon technologies and fuel switch",,Ended,2005,,,Unknown,Mitigation,http://www.asiapacificpartnership.org/,,
211000944,USA,Energy Policy Act United States of America (2005),Energy Policy Act,Country,,United States of America,,,"Fiscal or financial incentives, Grants and subsidies, Loans, Tax relief, Policy support, Regulatory Instruments, Codes and standards, Research &amp; Development and Deployment (RD&amp;D)","Electricity and heat, Transport, Coal, Renewables, Nuclear, Industry, Industrial process CO2, Buildings, Appliances",Legislative,"Renewables, Energy efficiency, Other low-carbon technologies and fuel switch",,In force,2005,,,High,Mitigation,https://www.epa.gov/laws-regulations/summary-energy-policy-act,,
211000709,USA,ENERGY STAR National Campaigns United States of America (2005),ENERGY STAR National Campaigns,Country,,United States of America,,,"Negotiated agreements (public-private sector), Endorsement label, Information provision, Advice or aid in implementation","Buildings, Appliances",,Energy efficiency,,Superseded,2005,,,Unknown,Mitigation,https://www.energystar.gov/ia/news/downloads/2005_achievements.pdf,,
211002890,USA,The Power is in your Hands Campaign United States of America (2005),The Power is in your Hands Campaign,Country,,United States of America,,,"Information provision, Advice or aid in implementation",Buildings,,Energy efficiency,,Ended,2005,,,Unknown,Mitigation,https://www.ase.org/news/power-your-hands,,
211000471,USA,Clean Energy-Environment State Partnership Program United States of America (2005),Clean Energy-Environment State Partnership Program,Subnational region,,United States of America,,,"Strategic planning, Advice or aid in implementation, Policy support, Institutional creation","Electricity and heat, Renewables",,"Energy efficiency, Renewables",,Superseded,2005,,,Unknown,Mitigation,http://www.epa.gov/cleanenergy/stateandlocal/partnership.htm,,
211002949,USA,U.S. Department of Energy - Loan Guarantee Program United States of America (2005),U.S. Department of Energy - Loan Guarantee Program,Country,,United States of America,,,Loans,"Electricity and heat, Industry, Agriculture and forestry",,Renewables,,In force,2005,,,Unknown,Mitigation,https://www.energy.gov/lpo/title-xvii,,
211001979,USA,National Fuel Cell Bus Technology Development Program (NFCBP) United States of America (2005),National Fuel Cell Bus Technology Development Program (NFCBP),Country,,United States of America,,,"Technology deployment and diffusion, Information provision, Grants and subsidies, Demonstration project","Transport, Heavy-duty vehicles",,Other low-carbon technologies and fuel switch,,Ended,2005,,,Unknown,Mitigation,https://www.transit.dot.gov/research-innovation/national-fuel-cell-bus-program,,
211002530,USA,Renewable Fuel Standard United States of America (2005),Renewable Fuel Standard,Country,,United States of America,,,"Market-based instruments, Sectoral standards","Transport, Electricity and heat, Renewables",,Other low-carbon technologies and fuel switch,,In force,2005,,,High,Mitigation,http://transportpolicy.net/index.php?title=US:_Fuels:_Renewable_Fuel_Standard,,
211001146,USA,Federal Transit and Railway Programs United States of America (2005),Federal Transit and Railway Programs,Country,,United States of America,,,"Economic instruments, Direct investment, Infrastructure investments, Funds to sub-national governments, RD&amp;D funding, Negotiated agreements (public-private sector), Advice or aid in implementation, Performance label","Transport, Rail",,Non-energy use,,In force,2005,,,Unknown,Mitigation,"http://www.dot.gov/public-transit;%20
http://www.dot.gov/railroads",,
211002538,USA,Renewable Portfolio Standard -- Nevada United States of America (2005),Renewable Portfolio Standard -- Nevada,Subnational region,,United States of America,Nevada,,"Codes and standards, Obligation schemes, Other mandatory requirements","Electricity and heat, Renewables",,Renewables,,In force,2005,,,High,Mitigation,https://www.ncsl.org/research/energy/renewable-portfolio-standards.aspx,,
211001144,USA,Federal Support for Industrial Process Efficiency: Save Energy Now Campaign United States of America (2005),Federal Support for Industrial Process Efficiency: Save Energy Now Campaign,Country,,United States of America,,,"Negotiated agreements (public-private sector), Advice or aid in implementation, Information provision, Monitoring","Industry, Industrial energy related",,Energy efficiency,,Superseded,2005,,,Unknown,Mitigation,http://www.eere.energy.gov/industry/saveenergynow,,
211002739,USA,State Utility Commission Assistance United States of America (2005),State Utility Commission Assistance,Subnational region,,United States of America,,,"Negotiated agreements (public-private sector), Advice or aid in implementation, Information provision",Electricity and heat,,Renewables,,Superseded,2005,,,Unknown,Mitigation,https://www.iea.org/policies/1789-state-utility-commission-assistance,,
211000788,USA,"Electric Permitting, Siting and Analysis United States of America (2005)","Electric Permitting, Siting and Analysis",Country,,United States of America,,,Information and education,Electricity and heat,,"Energy efficiency, Renewables",,In force,2005,,,Unknown,Mitigation,https://www.energy.gov/gdo/transmission-siting-and-permitting-efforts,,
211002536,USA,Renewable Portfolio Standard -- Colorado United States of America (2004),Renewable Portfolio Standard -- Colorado,Subnational region,,United States of America,Colorado,,"Codes and standards, Obligation schemes, Other mandatory requirements","Electricity and heat, Renewables",,Renewables,,In force,2004,,,High,Mitigation,https://www.iea.org/policies/3671-renewable-portfolio-standard-colorado,,
211002676,USA,SmartWay Transport Partnership United States of America (2004),SmartWay Transport Partnership,Country,,United States of America,,,"Negotiated agreements (public-private sector), Voluntary approaches","Transport, Shipping",,Energy efficiency,,In force,2004,,,Unknown,Mitigation,http://www.epa.gov/otaq/smartway/index.htm,,
211000276,USA,Biofuel tax credits United States of America (2004),Biofuel tax credits,Country,,United States of America,,,Tax relief,"Transport, Electricity and heat, Renewables",,Other low-carbon technologies and fuel switch,,In force,2004,,,Unknown,Mitigation,http://transportpolicy.net/index.php?title=US:_Fuels:_Biofuel_tax_credits,,
211002284,USA,Powerful $avings Campaign United States of America (2004),Powerful $avings Campaign,Country,,United States of America,,,"Information and education, Advice or aid in implementation, Information provision",Electricity and heat,,Energy efficiency,,Ended,2004,,,Unknown,Mitigation,https://www.iea.org/policies/1946-powerful-savings-campaign,,
211001911,USA,National Clean Diesel Campaign United States of America (2004),National Clean Diesel Campaign,Country,,United States of America,,,"Negotiated agreements (public-private sector), Information provision, Research programme, Technology deployment and diffusion, Codes and standards","Transport, Shipping",,"Energy efficiency, Renewables",,In force,2004,,,Unknown,Mitigation,http://www.epa.gov/cleandiesel/,,
211001450,USA,Hydrogen Program United States of America (2004),Hydrogen Program,Country,,United States of America,,,"Advice or aid in implementation, Information provision, Research &amp; Development and Deployment (RD&amp;D), Demonstration project, Research programme, Technology deployment and diffusion, Technology development","Electricity and heat, Renewables",,"Renewables, Other low-carbon technologies and fuel switch",,In force,2004,,,Unknown,Mitigation,https://www.hydrogen.energy.gov/,,
211001821,USA,Methane to Markets Partnership United States of America (2004),Methane to Markets Partnership,Country,,United States of America,,,Strategic planning,"General, Industry, Waste CH4",,Non-energy use,,In force,2004,,,Unknown,Mitigation,http://www.methanetomarkets.org/,,
211001988,USA,National Hydrogen Learning Demonstration United States of America (2004),National Hydrogen Learning Demonstration,Country,,United States of America,,,"Information provision, Codes and standards, Demonstration project","Transport, Electricity and heat, Renewables",,"Renewables, Other low-carbon technologies and fuel switch",,In force,2004,,,Unknown,Mitigation,http://www.eere.energy.gov/hydrogenandfuelcells/tech_validation/fleet_demonstration.html,,
211000713,USA,ENERGY STAR labeled Buildings and Plants United States of America (2004),ENERGY STAR labeled Buildings and Plants,Country,,United States of America,,,Endorsement label,"Buildings, Industry",,Energy efficiency,,Superseded,2004,,,Unknown,Mitigation,http://www.energystar.gov/index.cfm?c=business.bus_bldgs,,
211002098,USA,New Energy Tax Incentives for Renewable Energy and Low-Emission Transport United States of America (2004),New Energy Tax Incentives for Renewable Energy and Low-Emission Transport,Country,,United States of America,,,"Policy support, Tax relief","Electricity and heat, Renewables",,Renewables,,Ended,2004,,,Unknown,Mitigation,https://www.energy.gov/eere/sustainable-transportation-and-fuels,,
211000364,USA,California Vehicle Greenhouse Gas Emissions Standards United States of America (2004),California Vehicle Greenhouse Gas Emissions Standards,Subnational region,,United States of America,,,"Codes and standards, Vehicle fuel-economy and emissions standards",Transport,,Energy efficiency,,In force,2004,,,Unknown,Mitigation,http://www.arb.ca.gov/cc/ccms/ccms.htm,,
211000323,USA,Building America United States of America (2004),Building America,Country,,United States of America,,,"Negotiated agreements (public-private sector), Advice or aid in implementation, Information provision, Research &amp; Development and Deployment (RD&amp;D)",Buildings,,"Energy efficiency, Renewables",,In force,2004,,,Unknown,Mitigation,http://www1.eere.energy.gov/buildings/building_america/,,
211002382,USA,Qualified Green Building and Sustainable Design Project Bonds United States of America (2004),Qualified Green Building and Sustainable Design Project Bonds,Country,,United States of America,,,Grants and subsidies,Buildings,,"Energy efficiency, Renewables",,Ended,2004,2004,2012,Unknown,Mitigation,http://www.irs.gov/pub/irs-drop/n-05-48.pdf,,
211001550,USA,International Renewable Energy Program United States of America (2003),International Renewable Energy Program,Country,,United States of America,,,"Unilateral commitments (private sector), Voluntary approaches","Electricity and heat, Renewables",,Renewables,,Ended,2003,,,Unknown,Mitigation,,,
211001549,USA,International Partnership for Hydrogen and Fuel Cells in the Economy (IPHE) United States of America (2003),International Partnership for Hydrogen and Fuel Cells in the Economy (IPHE),Country,,United States of America,,,"Codes and standards, Advice or aid in implementation, Information provision, Demonstration project, Research programme, Technology deployment and diffusion, Technology development",Electricity and heat,,Renewables,,In force,2003,,,Unknown,Mitigation,http://www.eere.energy.gov/hydrogenandfuelcells/international_partnership.html,,
211000412,USA,Carbon Sequestration Regional Partnerships United States of America (2003),Carbon Sequestration Regional Partnerships,Country,,United States of America,,,"Information and education, Research &amp; Development and Deployment (RD&amp;D), Demonstration project, Voluntary approaches, Negotiated agreements (public-private sector)","Electricity and heat, CCS, Industry, Industrial process CO2",,Other low-carbon technologies and fuel switch,,In force,2003,,,Unknown,Mitigation,http://energy.gov/fe/science-innovation/carbon-capture-and-storage-research/regional-partnerships,,
211002646,USA,Self-Generation Incentive Program - California United States of America (2003),Self-Generation Incentive Program - California,Subnational region,,United States of America,California,,Grants and subsidies,"Electricity and heat, Renewables",,Renewables,,In force,2003,,,Unknown,Mitigation,https://openei.org/wiki/Self-Generation_Incentive_Program_(California),,
211003087,USA,Voluntary Airport Low Emission (VALE) Program United States of America (2003),Voluntary Airport Low Emission (VALE) Program,Country,,United States of America,,,"Information and education, Advice or aid in implementation, Information provision, Voluntary approaches, Negotiated agreements (public-private sector)","Transport, Air",,"Energy efficiency, Non-energy use",,Superseded,2003,,,Unknown,Mitigation,http://www.faa.gov/airports/environmental/vale/,,
211003130,USA,Woody Biomass Utilization Grants Program United States of America (2003),Woody Biomass Utilization Grants Program,Country,,United States of America,,,"Information provision, Voluntary approaches, Grants and subsidies","Electricity and heat, Renewables",,Renewables,,Ended,2003,,,Unknown,Mitigation,https://www.fs.usda.gov/Internet/FSE_DOCUMENTS/fsbdev2_028768.pdf,,
211001262,USA,Fusion Energy Sciences (FES) programme United States of America (2003),Fusion Energy Sciences (FES) programme,Country,,United States of America,,,Research programme,"Electricity and heat, Nuclear",,Other low-carbon technologies and fuel switch,,In force,2003,,,Unknown,Mitigation,https://science.osti.gov/-/media/budget/pdf/sc-budget-request-to-congress/fy-2003/Cong_Budget_2003_FES.pdf,,
211001552,USA,International Technology Transfer United States of America (2003),International Technology Transfer,Country,,United States of America,,,Voluntary approaches,General,,Unknown,,Ended,2003,,,Unknown,Mitigation,https://papers.ssrn.com/sol3/papers.cfm?abstract_id=585364,,
211000529,USA,Coal Combustion Products Partnership (C2P2) Program United States of America (2003),Coal Combustion Products Partnership (C2P2) Program,Country,,United States of America,,,"Negotiated agreements (public-private sector), Information provision","Electricity and heat, Coal",,Energy efficiency,,Ended,2003,,,Unknown,Mitigation,https://nepis.epa.gov/Exe/ZyNET.exe/P10009PD.TXT?ZyActionD=ZyDocument&amp;Client=EPA&amp;Index=2006+Thru+2010&amp;Docs=&amp;Query=&amp;Time=&amp;EndTime=&amp;SearchMethod=1&amp;TocRestrict=n&amp;Toc=&amp;TocEntry=&amp;QField=&amp;QFieldYear=&amp;QFieldMonth=&amp;QFieldDay=&amp;IntQFieldOp=0&amp;ExtQFieldOp=0&amp;XmlQuery=&amp;File=D%3A%5Czyfiles%5CIndex%20Data%5C06thru10%5CTxt%5C00000002%5CP10009PD.txt&amp;User=ANONYMOUS&amp;Password=anonymous&amp;SortMethod=h%7C-&amp;MaximumDocuments=1&amp;FuzzyDegree=0&amp;ImageQuality=r75g8/r75g8/x150y150g16/i425&amp;Display=hpfr&amp;DefSeekPage=x&amp;SearchBack=ZyActionL&amp;Back=ZyActionS&amp;BackDesc=Results%20page&amp;MaximumPages=1&amp;ZyEntry=1&amp;SeekPage=x&amp;ZyPURL,,
250306674,USA,Healthy Forest Restoration Act of 2003 (Public Law 108-148) United States of America (2003),Healthy Forest Restoration Act of 2003 (Public Law 108-148),Country,,United States of America,,,"Policy support, Strategic planning, Economic instruments, Fiscal or financial incentives, Grants and subsidies, Information and education, Performance label, Information provision",Agriculture and forestry,"This Act aims to improve the capacity of the Secretary of Agriculture and the Secretary of the Interior to conduct hazardous fuels reduction projects on National Forest System lands and Bureau of Land Management lands aimed at protecting communities, watersheds, and certain other at-risk lands from catastrophic wildfire, to enhance efforts to protect watersheds and address threats to forest and rangeland health, including catastrophic wildfire, across the landscape, and for other purposes. The Act notably seeks to enhance carbon sequestration capabilities. It was amended several times, including through P.L. 117–328, enacted December 29, 2022.",Non-energy use,,In force,2003,2003,,,"Mitigation, Land use",https://climate-laws.org/document/healthy-forests-restoration-act-of-2003-public-law-108-148_6f34,,"<time datetime=""2025-02-17T12:00:00Z"">17/02/2025</time>
"
211000525,USA,Climate VISION (Voluntary Innovative Sector Initiatives: Opportunities Now) United States of America (2003),Climate VISION (Voluntary Innovative Sector Initiatives: Opportunities Now),Country,,United States of America,,,"Negotiated agreements (public-private sector), Voluntary approaches, GHG reduction target","Electricity and heat, Renewables, CCS",reduce the greenhouse gas intensity of the American economy by 18% from 2002 to 2012,"Energy efficiency, Renewables, Non-energy use",,Ended,2003,,2012,Unknown,Mitigation,https://georgewbush-whitehouse.archives.gov/ceq/global-change.html,,
211001551,USA,International Renewable and Energy efficiency Activities United States of America (2003),International Renewable and Energy efficiency Activities,Country,,United States of America,,,"Information and education, Information provision, Policy support, Strategic planning","Electricity and heat, Renewables",,"Renewables, Energy efficiency",,In force,2003,,,Unknown,Mitigation,https://www1.eere.energy.gov/femp/pdfs/yrinrview_2003.pdf,,
211000958,USA,Energy Savers United States of America (2003),Energy Savers,Country,,United States of America,,,"Information and education, Information provision","Electricity and heat, Buildings",,Energy efficiency,,In force,2003,,,Unknown,Mitigation,http://energy.gov/energysaver/energy-saver,,
211002134,USA,Next Generation Air Transportation System (NextGen) United States of America (2003),Next Generation Air Transportation System (NextGen),Country,,United States of America,,,"Negotiated agreements (public-private sector), Technology development, Policy support, Strategic planning","Transport, Air, Shipping",,"Energy efficiency, Non-energy use",,In force,2003,,,Unknown,Mitigation,http://www.faa.gov/nextgen/,,
211000129,USA,Advanced Energy Storage Program United States of America (2002),Advanced Energy Storage Program,Country,,United States of America,,,"Research &amp; Development and Deployment (RD&amp;D), Demonstration project",Electricity and heat,,Unknown,,In force,2002,,,Unknown,Mitigation,https://www.sandia.gov/ess-ssl/publications/SAND2002-1314.pdf,,
211001443,USA,Home Performance with ENERGY STAR United States of America (2002),Home Performance with ENERGY STAR,Country,,United States of America,,,Advice or aid in implementation,"Buildings, Appliances",,Energy efficiency,,In force,2002,,,Unknown,Mitigation,http://www.energystar.gov/index.cfm?fuseaction=hpwes_profiles.showsplash,,
211000423,USA,Center for Corporate Climate Leadership United States of America (2002),Center for Corporate Climate Leadership,Country,,United States of America,,,Information provision,General,,"Energy service demand reduction and resource efficiency, Energy efficiency, Renewables, Other low-carbon technologies and fuel switch, Non-energy use",,In force,2002,,,Unknown,Mitigation,https://www.epa.gov/climateleadership,,
211000779,USA,Efficient Energy for Sustainable Development Partnership (EESD) United States of America (2002),Efficient Energy for Sustainable Development Partnership (EESD),Country,,United States of America,,,"Information provision, Tax relief, Policy support",Electricity and heat,,Energy efficiency,,Ended,2002,,,Unknown,Mitigation,https://www.un.org/esa/sustdev/csd/csd14/PF/info/CEI.pdf,,
211002250,USA,Partnership for Clean Fuels and Vehicles United States of America (2002),Partnership for Clean Fuels and Vehicles,Country,,United States of America,,,"Information and education, Information provision",Transport,,"Energy efficiency, Non-energy use",,In force,2002,,,Unknown,Mitigation,https://www.epa.gov/international-cooperation/promoting-cleaner-fuels-and-vehicles-worldwide,,
211000261,USA,Biodiesel specifications United States of America (2002),Biodiesel specifications,Country,,United States of America,,,Sectoral standards,"Transport, Electricity and heat, Renewables",,Other low-carbon technologies and fuel switch,,In force,2002,,,Unknown,"Mitigation, Air pollution",http://transportpolicy.net/index.php?title=US:_Fuels:_Biodiesel_specifications,,
211002610,USA,Rural Energy For America Program (REAP) United States of America (2002),Rural Energy For America Program (REAP),Country,,United States of America,,,"Loans, Grants and subsidies, Economic instruments",Agriculture and forestry,,Energy efficiency,,In force,2002,,,Unknown,Mitigation,https://programs.dsireusa.org/system/program/detail/917,,
211001216,USA,FreedomCAR and Fuel Partnership United States of America (2002),FreedomCAR and Fuel Partnership,Country,,United States of America,,,"Information and education, Institutional creation, Strategic planning, Research programme",Transport,,Energy efficiency,,Ended,2002,,,Unknown,Mitigation,http://www1.eere.energy.gov/vehiclesandfuels/about/partnerships/freedomcar/,,
211000257,USA,Bio-based Products and Bioenergy Coordination Council (BBCC) United States of America (2002),Bio-based Products and Bioenergy Coordination Council (BBCC),Country,,United States of America,,,"Information and education, Information provision, Policy support, Strategic planning, Research &amp; Development and Deployment (RD&amp;D), Research programme, Technology deployment and diffusion","Electricity and heat, Transport, Agriculture and forestry, Shipping",,"Renewables, Other low-carbon technologies and fuel switch",,Ended,2002,,,Unknown,Mitigation,https://www.iea.org/policies/5111-bio-based-products-and-bioenergy-coordination-council-bbcc,,
211001310,USA,Global Gas Flaring Reduction partnership (GGFR) United States of America (2002),Global Gas Flaring Reduction partnership (GGFR),Country,,United States of America,,,"Negotiated agreements (public-private sector), Policy support, Regulatory Instruments, Codes and standards, Voluntary approaches","Industry, Fossil fuel exploration and production",,Energy efficiency,,In force,2002,,,Unknown,Mitigation,http://www.worldbank.org/ggfr,,
211001898,USA,National Biodiesel Education Program United States of America (2002),National Biodiesel Education Program,Country,,United States of America,,,"Information and education, Information provision, Policy support, Strategic planning","Transport, Electricity and heat, Renewables, Shipping",,Renewables,,In force,2002,,,Unknown,Mitigation,https://www.federalregister.gov/documents/2003/07/15/03-17852/biodiesel-fuel-education-program-request-for-applications-and-request-for-input,,
211000510,USA,Climate Change Technology Program (CCTP) United States of America (2002),Climate Change Technology Program (CCTP),Country,,United States of America,,,"Information and education, Institutional creation, Strategic planning, Research &amp; Development and Deployment (RD&amp;D), Demonstration project, Technology deployment and diffusion, Technology development","Electricity and heat, CCS, Renewables",,"Renewables, Other low-carbon technologies and fuel switch",,Ended,2002,,,Unknown,Mitigation,https://unfccc.int/sites/default/files/usa_on_tt.pdf,,
211000773,USA,EeBuildings United States of America (2002),EeBuildings,Country,,United States of America,,,"Information and education, Information provision, Regulatory Instruments, Other mandatory requirements, Voluntary approaches, Negotiated agreements (public-private sector)",Buildings,,Energy efficiency,,Ended,2002,,,Unknown,Mitigation,https://www.eceee.org/static/media/uploads/site-2/library/conference_proceedings/ACEEE_buildings/2002/Panel_4/p4_1/paper.pdf,,
211002684,USA,Solar Decathlon United States of America (2002),Solar Decathlon,Country,,United States of America,,,"Technology deployment and diffusion, Advice or aid in implementation, Information provision, Demonstration project","Electricity and heat, Renewables",,Renewables,,In force,2002,,,Unknown,Mitigation,http://www.solardecathlon.org/,,
211000298,USA,Biomass Research and Development Initiative (BRDI) United States of America (2002),Biomass Research and Development Initiative (BRDI),Country,,United States of America,,,"Fiscal or financial incentives, Grants and subsidies, Demonstration project, Technology deployment and diffusion, Technology development","Electricity and heat, Renewables, Agriculture and forestry",,Renewables,,In force,2002,,,Unknown,Mitigation,https://www.taxpayer.net/energy-natural-resources/biomass-research-and-development-initiative-fact-sheet/,,
211001981,USA,National Goal to Reduce Emissions Intensity United States of America (2002),National Goal to Reduce Emissions Intensity,Country,,United States of America,,,"Strategic planning, GHG reduction target",General,,"Energy service demand reduction and resource efficiency, Renewables, Energy efficiency, Other low-carbon technologies and fuel switch, Non-energy use",,Superseded,2002,,,Unknown,Mitigation,http://www.whitehouse.gov/news/releases/2002/02/climatechange.html,,
211000455,USA,Clean Coal Power Initiative United States of America (2002),Clean Coal Power Initiative,Country,,United States of America,,,"Negotiated agreements (public-private sector), Grants and subsidies, Research &amp; Development and Deployment (RD&amp;D), Demonstration project, Research programme, Technology deployment and diffusion, Technology development","Electricity and heat, Coal, CCS",,Other low-carbon technologies and fuel switch,,Superseded,2002,,,Unknown,Mitigation,https://netl.doe.gov/node/2302,,
211001121,USA,Farm Security and Rural Investment Act United States of America (2002),Farm Security and Rural Investment Act,Country,,United States of America,,,Regulatory Instruments,Agriculture and forestry,,"Renewables, Energy efficiency",,Superseded,2002,,,Unknown,Mitigation,https://www.congress.gov/bill/107th-congress/house-bill/2646,,
211000433,USA,Chicago Climate Exchange (CCX) United States of America (2002),Chicago Climate Exchange (CCX),Country,,United States of America,,,"Unilateral commitments (private sector), GHG emissions allowances, GHG emission reduction crediting and offsetting mechanism",General,,Energy service demand reduction and resource efficiency,,Ended,2002,,,Unknown,Mitigation,https://www.economist.com/business/2002/10/17/trading-hot-air,,
211003091,USA,Voluntary Code of Practice for the Reduction of Emissions of HFC and PFC Fire Protection Agents United States of America (2002),Voluntary Code of Practice for the Reduction of Emissions of HFC and PFC Fire Protection Agents,Country,,United States of America,,,Negotiated agreements (public-private sector),"Industry, Fluorinated gases",,Non-energy use,,In force,2002,,,Unknown,Mitigation,https://www.nist.gov/system/files/documents/el/fire_research/R0201304.pdf,,
211002535,USA,Renewable Portfolio Standard -- California United States of America (2002),Renewable Portfolio Standard -- California,Subnational region,,United States of America,California,,"Codes and standards, Obligation schemes, Other mandatory requirements","Electricity and heat, Renewables",,Renewables,,In force,2002,,,High,Mitigation,https://ilsr.org/rule/renewable-portfolio-standards/2565-2/,,
211002107,USA,New Hampshire Emissions reductions from Power Plants United States of America (2002),New Hampshire Emissions reductions from Power Plants,Subnational region,,United States of America,New Hampshire,,"Other mandatory requirements, GHG emissions allowances",General,,"Energy service demand reduction and resource efficiency, Renewables, Energy efficiency, Other low-carbon technologies and fuel switch, Non-energy use",,In force,2002,,,Unknown,Mitigation,https://www.des.nh.gov/climate-and-sustainability/energy/emission-reduction-strategies,,
211000515,USA,Climate Friendly Parks United States of America (2002),Climate Friendly Parks,Country,,United States of America,,,"Information and education, Advice or aid in implementation, Information provision",Buildings,,Non-energy use,,In force,2002,,,Unknown,Mitigation,http://www.nps.gov/climatefriendlyparks/,,"<time datetime=""2023-02-07T12:00:00Z"">07/02/2023</time>
"
211000260,USA,BioPreferred Program United States of America (2002),BioPreferred Program,Country,,United States of America,,,"Procurement rules, Direct investment",Agriculture and forestry,,Non-energy use,,In force,2002,,,Unknown,Mitigation,http://www.da.usda.gov/energyandenvironment/greenpurchasing/index.html,,
211002108,USA,New Jersey Voluntary Agreement with State Power Plant Operator United States of America (2002),New Jersey Voluntary Agreement with State Power Plant Operator,Subnational region,,United States of America,New Jersey,,"Negotiated agreements (public-private sector), GHG reduction target",Electricity and heat,,Energy service demand reduction and resource efficiency,,In force,2002,,,Unknown,Mitigation,https://www.nj.gov/bpu/newsroom/2024/approved/20240205.html,,
211002124,USA,New York State Energy Plan United States of America (2002),New York State Energy Plan,Subnational region,,United States of America,New York,,"Strategic planning, Policy support, Renewable energy target, Energy efficiency target",Electricity and heat,use of renewable energy by 50% by 2020. It also called for increased Energy efficiency by reducing energy use per Gross State Product to 25% below 1990 levels by 2010,"Renewables, Energy efficiency",,Ended,2002,,2020,Unknown,Mitigation,http://www.ecubedllc.com/PDF/2002_NYSEP_comments.pdf,,
211001573,USA,Joint Global Change Research Institute (JGCRI) United States of America (2001),Joint Global Change Research Institute (JGCRI),Country,,United States of America,,,"Negotiated agreements (public-private sector), Advice or aid in implementation, Information provision, Research programme","Electricity and heat, Renewables",,"Energy efficiency, Renewables",,In force,2001,,,Unknown,Mitigation,http://www.globalchange.umd.edu/,,
211000249,USA,Best Workplaces for Commuters Program United States of America (2001),Best Workplaces for Commuters Program,Country,,United States of America,,,"Information and education, Information provision",Transport,,Energy service demand reduction and resource efficiency,,Ended,2001,,,Unknown,Mitigation,https://www.bestworkplaces.org/,,
211003113,USA,Whole Building Design Guide United States of America (2001),Whole Building Design Guide,Country,,United States of America,,,"Information and education, Advice or aid in implementation, Information provision, Voluntary approaches, Negotiated agreements (public-private sector)",Buildings,,Energy efficiency,,In force,2001,,,Unknown,Mitigation,http://www.wbdg.org/,,
211000362,USA,California Climate Action Registry United States of America (2001),California Climate Action Registry,Subnational region,,United States of America,California,,Negotiated agreements (public-private sector),General,,"Energy service demand reduction and resource efficiency, Renewables, Energy efficiency, Other low-carbon technologies and fuel switch, Non-energy use",,In force,2001,,,Unknown,Mitigation,http://www.climateregistry.org/,,
211001533,USA,Interagency Sustainability Working Group United States of America (2001),Interagency Sustainability Working Group,Country,,United States of America,,,Information provision,"Buildings, Electricity and heat, Renewables",,Renewables,,Superseded,2001,,,Unknown,Mitigation,http://energy.gov/eere/femp/articles/interagency-sustainability-working-group,,
211001357,USA,Green Power Network United States of America (2001),Green Power Network,Country,,United States of America,,,"Information and education, Information provision","Electricity and heat, Renewables",,Renewables,,In force,2001,,,Unknown,Mitigation,http://www1.eere.energy.gov/ba/pba/databases.html,,
211002563,USA,Requirements for Energy efficiency and Standby Power United States of America (2001),Requirements for Energy efficiency and Standby Power,Country,,United States of America,,,Procurement rules,Electricity and heat,,Energy efficiency,,Superseded,2001,,,Unknown,Mitigation,http://www1.eere.energy.gov/femp/regulations/eo13221.html,,
211000255,USA,Bilateral Climate and Energy Partnerships United States of America (2001),Bilateral Climate and Energy Partnerships,Country,,United States of America,,,"Information and education, Information provision, Policy support, Strategic planning, Regulatory Instruments, Monitoring, Voluntary approaches, Public voluntary schemes","Electricity and heat, CCS, Industry, Industrial energy related",,"Energy efficiency, Other low-carbon technologies and fuel switch",,In force,2001,,,Unknown,Mitigation,https://2001-2009.state.gov/g/oes/climate/c22820.htm,,
211002248,USA,Partnership for Advanced Technology in Housing United States of America (2001),Partnership for Advanced Technology in Housing,Country,,United States of America,,,"Technology development, Negotiated agreements (public-private sector)",Buildings,,"Energy efficiency, Renewables",,In force,2001,,,Unknown,Mitigation,https://www.nap.edu/read/10312/chapter/4,,
211002102,USA,New England Governors and Eastern Canadian Premiers (NEG/ECP) Climate Change Action Plan United States of America (2001),New England Governors and Eastern Canadian Premiers (NEG/ECP) Climate Change Action Plan,Subnational region,,United States of America,New England,,"Public voluntary schemes, Strategic planning, GHG reduction target",General,,"Energy service demand reduction and resource efficiency, Renewables, Energy efficiency, Other low-carbon technologies and fuel switch, Non-energy use",,In force,2001,,,Unknown,Mitigation,https://www.novascotia.ca/nse/climate.change/docs/neg-ecp.pdf,,
211002166,USA,Nuclear Power Generation IV International Forum United States of America (2001),Nuclear Power Generation IV International Forum,Country,,United States of America,,,"Public voluntary schemes, Strategic planning, Demonstration project, Research programme, Technology development","Electricity and heat, Nuclear",,Other low-carbon technologies and fuel switch,,Ended,2001,,,Unknown,Mitigation,https://www.gen-4.org/gif/jcms/c_9260/public,,
211000870,USA,Energy Conservation Investment Program (ECIP) United States of America (2001),Energy Conservation Investment Program (ECIP),Country,,United States of America,,,"Public voluntary schemes, Procurement rules","Transport, Shipping, Buildings, Appliances",,Energy efficiency,,In force,2001,,,Unknown,Mitigation,https://www.gao.gov/assets/gao-16-162.pdf,,
211001880,USA,NOAA Climate Program Office United States of America (2001),NOAA Climate Program Office,Country,,United States of America,,,Research programme,General,,"Energy service demand reduction and resource efficiency, Energy efficiency, Renewables, Other low-carbon technologies and fuel switch, Non-energy use",,In force,2001,,,Unknown,Mitigation,http://cpo.noaa.gov/,,
211000118,USA,Actions to Expedite Energy-Related Projects United States of America (2001),Actions to Expedite Energy-Related Projects,Country,,United States of America,,,"Policy support, Institutional creation","Electricity and heat, Buildings, Transport",,Energy service demand reduction and resource efficiency,,In force,2001,,,Unknown,Mitigation,https://www.energy.gov/sites/prod/files/nepapub/nepa_documents/RedDont/Req-EO13212energyprojects.pdf,,
211001275,USA,Gasification Technologies Program United States of America (2001),Gasification Technologies Program,Country,,United States of America,,,"Grants and subsidies, Information and education, Research &amp; Development and Deployment (RD&amp;D), Demonstration project, Research programme, Technology deployment and diffusion, Technology development, Voluntary approaches, Negotiated agreements (public-private sector)","Electricity and heat, Gas, Coal",,Other low-carbon technologies and fuel switch,,In force,2001,,,Unknown,Mitigation,http://www.netl.doe.gov/technologies/coalpower/gasification/index.html,,
211001358,USA,Green Power Partnership United States of America (2001),Green Power Partnership,Country,,United States of America,,,"Unilateral commitments (private sector), Advice or aid in implementation, Information provision, Public voluntary schemes","Electricity and heat, Renewables",,Renewables,,Superseded,2001,,,Unknown,Mitigation,http://www.epa.gov/greenpower/,,
211000544,USA,Combined Heat and Power Partnership United States of America (2001),Combined Heat and Power Partnership,Country,,United States of America,,,"Negotiated agreements (public-private sector), Advice or aid in implementation, Information provision, Technology development",Electricity and heat,,Energy efficiency,,Superseded,2001,,,Unknown,Mitigation,http://www.epa.gov/chp/,,
211002624,USA,San Francisco Solar Energy Incentive Program United States of America (2001),San Francisco Solar Energy Incentive Program,Subnational region,,United States of America,,,Grants and subsidies,"Electricity and heat, Renewables",,Renewables,,In force,2001,,,Unknown,Mitigation,https://www.iea.org/policies/3717-san-francisco-solar-energy-incentive-program,,
211001606,USA,LEED: Existing Buildings operations and maintenance United States of America (2000),LEED: Existing Buildings operations and maintenance,Country,,United States of America,,,"Performance label, Monitoring, Voluntary approaches",Buildings,,Energy efficiency,,In force,2000,,,Unknown,Mitigation,https://www.usgbc.org/leed/rating-systems/existing-buildings,,
211000294,USA,Biomass Program United States of America (2000),Biomass Program,Country,,United States of America,,,"Research &amp; Development and Deployment (RD&amp;D), Demonstration project, Research programme, Technology development","Electricity and heat, Renewables, Industry, Transport","&quot;Included in its vision was the setting of a very challenging goal: biomass will supply 5 percent of the nation’s power, 20 percent of its transportation fuels, and 25 percent of its chemicals by 2030. The goal is equivalent to 30 percent of current petroleum consumption and will require more than approximately one billion dry tons of biomass feedstock annually — a fivefold increase over the current consumption.&quot;",Renewables,,In force,2000,,,Unknown,Mitigation,https://www.energy.gov/sites/prod/files/2014/04/f14/biomass_rd_act_2000.pdf,,
211002135,USA,Next Generation Natural Gas Vehicle Program United States of America (2000),Next Generation Natural Gas Vehicle Program,Country,,United States of America,,,"Research programme, Technology development","Transport, Light-duty vehicles, Heavy-duty vehicles, Shipping",,Other low-carbon technologies and fuel switch,,Ended,2000,,,Unknown,Mitigation,https://research-hub.nrel.gov/en/publications/next-generation-natural-gas-vehicle-program-brochure,,
211000085,USA,Acid Rain Program United States of America (2000),Acid Rain Program,Country,,United States of America,,,Market-based instruments,General,,Non-energy use,,Superseded,2000,,,Unknown,Air pollution,"https://www.epa.gov/acidrain/acid-rain-program#:~:text=The%20Acid%20Rain%20Program%20called%20for%20a%20two,boilers%20that%20have%20installed%20low-NO%20x%20burner%20technologies.",,
211002704,USA,Solid-state lighting (SSL) research and development (R&amp;D) United States of America (2000),Solid-state lighting (SSL) research and development (R&amp;D),Country,,United States of America,,,"Grants and subsidies, Research programme, Technology development, Research &amp; Development and Deployment (RD&amp;D)","Buildings, Appliances",,Energy efficiency,,In force,2000,,,Unknown,Mitigation,http://www1.eere.energy.gov/buildings/ssl/index.html,,
211001604,USA,LEED for Homes United States of America (2000),LEED for Homes,Country,,United States of America,,,"Performance label, Monitoring, Voluntary approaches",Buildings,,Energy efficiency,,In force,2000,,,Unknown,Mitigation,https://www1.eere.energy.gov/buildings/publications/pdfs/corporate/bt_stateindustry.pdf,,
211000050,USA,21st Century Truck Partnership United States of America (2000),21st Century Truck Partnership,Country,,United States of America,,,"Negotiated agreements (public-private sector), Demonstration project, Research programme, Technology deployment and diffusion, Technology development, Research &amp; Development and Deployment (RD&amp;D), Voluntary approaches","Transport, Shipping",,Energy efficiency,,In force,2000,,,Unknown,Mitigation,https://www.energy.gov/eere/vehicles/21st-century-truck-partnership,,
211001605,USA,LEED for new constructions and major renovations United States of America (2000),LEED for new constructions and major renovations,Country,,United States of America,,,"Performance label, Monitoring, Voluntary approaches",Buildings,,Energy efficiency,,In force,2000,,,Unknown,Mitigation,https://s3.amazonaws.com/legacy.usgbc.org/usgbc/docs/Archive/General/Docs1095.pdf,,
211000549,USA,Commercial Building Initiative United States of America (2000),Commercial Building Initiative,Country,,United States of America,,,"Negotiated agreements (public-private sector), Advice or aid in implementation, Information provision, Demonstration project, Technology deployment and diffusion, Technology development",Buildings,,Energy efficiency,,Ended,2000,,,Unknown,Mitigation,https://www.iea.org/policies/225-commercial-building-initiative?country=United+States,,
211001703,USA,Lighting Energy efficiency Standards United States of America (2000),Lighting Energy efficiency Standards,Country,,United States of America,,,"Regulatory Instruments, Product standards","Buildings, Appliances","While similar version of the programme exist for many decades. The latest rule is a rollback that repeals the Obama-era standards for general service lamps, which sets stricter energy-efficiency requirements for lightbulbs in residential and commercial lightbulbs. The standards were to come into effect in 2020.",Energy efficiency,,In force,2000,,,Unknown,Mitigation,"https://www.nrel.gov/docs/fy10osti/46532.pdf
https://newclimate.org/wp-content/uploads/2020/10/NewClimate_PBL-CLIMA_2020OctUpdate.pdf",,
211002372,USA,Public-Private Partnership - Climate Savers United States of America (2000),Public-Private Partnership - Climate Savers,Country,,United States of America,,,"Negotiated agreements (public-private sector), Advice or aid in implementation, Technology development",Industry,,"Energy service demand reduction and resource efficiency, Renewables, Energy efficiency, Other low-carbon technologies and fuel switch, Non-energy use",,Ended,2000,,,Unknown,Mitigation,https://wwfeu.awsassets.panda.org/downloads/cs_web_version_may2008_1.pdf,,
211000297,USA,Biomass Research and Development Act United States of America (2000),Biomass Research and Development Act,Country,,United States of America,,,"Codes and standards, Fiscal or financial incentives, Grants and subsidies, Strategic planning, Research &amp; Development and Deployment (RD&amp;D), Regulatory Instruments","Electricity and heat, Renewables",,Renewables,,Ended,2000,,,Unknown,Mitigation,https://www.energy.gov/sites/prod/files/2014/04/f14/biomass_rd_act_2000.pdf,,
211000134,USA,Advanced Vehicle Testing Activity (AVTA) United States of America (2000),Advanced Vehicle Testing Activity (AVTA),Country,,United States of America,,,"Information and education, Information provision","Transport, Light-duty vehicles, Heavy-duty vehicles, Shipping",,"Energy efficiency, Other low-carbon technologies and fuel switch",,In force,2000,,,Unknown,Mitigation,https://www.energy.gov/eere/vehicles/advanced-vehicle-testing-activity-avta-data-and-results,,
211001225,USA,Fuel Economy Guide United States of America (2000),Fuel Economy Guide,Country,,United States of America,,,"Information and education, Advice or aid in implementation, Information provision",Transport,,"Energy service demand reduction and resource efficiency, Energy efficiency",,In force,2000,,,Unknown,Mitigation,http://www.fueleconomy.gov/,,
211002140,USA,Non-road diesel engine standards United States of America (2000),Non-road diesel engine standards,Country,,United States of America,,,"Sectoral standards, Vehicle fuel-economy and emissions standards","Agriculture and forestry, Industry, Transport, Heavy-duty vehicles, Industrial energy related",,Energy efficiency,,In force,2000,2000,,Unknown,"Mitigation, Air pollution",http://transportpolicy.net/index.php?title=US:_Nonroad:_Emissions,,
211001197,USA,Forest Ecosystem Restoration and Hazardous Fuels Reduction Programs United States of America (2000),Forest Ecosystem Restoration and Hazardous Fuels Reduction Programs,Country,,United States of America,,,"Advice or aid in implementation, Information provision, Demonstration project, Voluntary approaches","Agriculture and forestry, Forestry","These programs set out a mix of actions to increase forest resilience, reduce wildfires, and increase the area of set aside forests.","Non-energy use, Energy service demand reduction and resource efficiency, Energy efficiency, Renewables, Other low-carbon technologies and fuel switch",,In force,2000,,,High,Mitigation,https://www.fs.usda.gov/features/fuels-treatments-critical-wildfire-management,,"<time datetime=""2025-02-17T12:00:00Z"">17/02/2025</time>
"
211001372,USA,Green Vehicle Guide United States of America (2000),Green Vehicle Guide,Country,,United States of America,,,"Information and education, Advice or aid in implementation, Information provision",Transport,,"Energy service demand reduction and resource efficiency, Energy efficiency",,In force,2000,,,Unknown,Mitigation,http://www.epa.gov/greenvehicles/Index.do,,
211001853,USA,Mobile Air Conditioning Climate Protection Partnership United States of America (1999),Mobile Air Conditioning Climate Protection Partnership,Country,,United States of America,,,"Information and education, Advice or aid in implementation, Information provision, Regulatory Instruments, Technology development, Negotiated agreements (public-private sector)","Transport, Light-duty vehicles, Heavy-duty vehicles, Shipping",,Energy efficiency,,Ended,1999,,,Unknown,Mitigation,https://link.springer.com/article/10.1007/s10018-013-0069-3,,
211001786,USA,Manufacturing Extension Partnership (MEP) United States of America (1999),Manufacturing Extension Partnership (MEP),Country,,United States of America,,,"Grants and subsidies, Advice or aid in implementation",Industry,,"Energy service demand reduction and resource efficiency, Energy efficiency",,In force,1999,,,Unknown,Mitigation,http://www.nist.gov/mep/,,
211001507,USA,Industrial Technologies Program United States of America (1999),Industrial Technologies Program,Country,,United States of America,,,"Research &amp; Development and Deployment (RD&amp;D), Demonstration project, Research programme, Technology development","Industry, Industrial energy related",,"Energy service demand reduction and resource efficiency, Energy efficiency, Non-energy use",,In force,1999,,,Unknown,Mitigation,https://www.energy.gov/eere/amo/advanced-manufacturing-office,,
211000963,USA,Energy Savings Performance Contracts (ESPCs) United States of America (1999),Energy Savings Performance Contracts (ESPCs),Country,,United States of America,,,"Procurement rules, Direct investment",Electricity and heat,,Energy efficiency,,Superseded,1999,,,Unknown,Mitigation,https://www.energy.gov/femp/articles/energy-savings-performance-contracts-espcs,,
211002543,USA,Renewable and Distributed Systems Integration (RDSI) Program United States of America (1999),Renewable and Distributed Systems Integration (RDSI) Program,Country,,United States of America,,,"Technology deployment and diffusion, Grid access and priority for renewables","Electricity and heat, Renewables",,Renewables,,Ended,1999,,,Unknown,Mitigation,https://www.smartgrid.gov/archive/recovery_act/overview/renewable_and_distributed_systems_integration_program,,
211001393,USA,Greening of the National Park Service United States of America (1999),Greening of the National Park Service,Country,,United States of America,,,"Information provision, Economic instruments, Information and education, Direct investment",Electricity and heat,,"Energy service demand reduction and resource efficiency, Renewables, Energy efficiency, Non-energy use",,In force,1999,,,Unknown,Mitigation,https://www.americanprogress.org/wp-content/uploads/sites/2/2015/10/GreeningNatlParks-brief1.pdf,,
211002618,USA,SF6 Emission Reduction Partnership for the Magnesium Industry United States of America (1999),SF6 Emission Reduction Partnership for the Magnesium Industry,Country,,United States of America,,,"Negotiated agreements (public-private sector), Advice or aid in implementation, Information provision","Industry, Fluorinated gases",,"Energy service demand reduction and resource efficiency, Non-energy use",,In force,1999,,,Unknown,Mitigation,https://19january2021snapshot.epa.gov/f-gas-partnership-programs/epas-sf6-emission-reduction-partnership-magnesium-industry_.html,,
211001022,USA,Energy for the New Millennium: National Photovoltaics Program Plan United States of America (1999),Energy for the New Millennium: National Photovoltaics Program Plan,Country,,United States of America,,,"Research &amp; Development and Deployment (RD&amp;D), Regulatory Instruments","Electricity and heat, Renewables",,Renewables,,Superseded,1999,,,Unknown,Mitigation,https://www.nrel.gov/docs/fy00osti/25847.pdf,,
211001612,USA,Labs21 United States of America (1999),Labs21,Country,,United States of America,,,"Information and education, Advice or aid in implementation, Information provision, Endorsement label, Voluntary approaches, Public voluntary schemes",Industry,,Energy efficiency,,Superseded,1999,,,Unknown,Mitigation,https://www.osti.gov/biblio/928564-labs21-laboratory-modeling-guidelines-using-ashrae,,
211000171,USA,Alternative Fuels &amp; Fleet Efficiency Program United States of America (1999),Alternative Fuels &amp; Fleet Efficiency Program,Country,,United States of America,,,"Regulatory Instruments, Other mandatory requirements","Transport, Light-duty vehicles, Heavy-duty vehicles, Shipping",,Other low-carbon technologies and fuel switch,,In force,1999,,,Unknown,Mitigation,http://www.dm.usda.gov/pmd/alt_fuel.htm,,
211001129,USA,Federal Buildings: Energy efficiency Management United States of America (1999),Federal Buildings: Energy efficiency Management,Country,,United States of America,,,"Other mandatory requirements, Energy efficiency target",Electricity and heat,35% percent below 1985 levels by 2010 in its buildings and by 25% (relative to 1990) in its laboratories.,Energy efficiency,,Superseded,1999,1999,2007,Unknown,Mitigation,http://www.eere.energy.gov/femp/pdfs/eo13123.pdf,,
211001415,USA,HFC-23 Emission Reduction Programme United States of America (1999),HFC-23 Emission Reduction Programme,Country,,United States of America,,,Negotiated agreements (public-private sector),"Industry, Fluorinated gases",,"Energy service demand reduction and resource efficiency, Non-energy use",,Ended,1999,,,Unknown,Mitigation,https://www.epa.gov/climate-hfcs-reduction/control-hfc-23-emissions,,
211000473,USA,Clean Fuels Grant Program United States of America (1999),Clean Fuels Grant Program,Country,,United States of America,,,"Procurement rules, Grants and subsidies, Economic instruments","Transport, Heavy-duty vehicles",,Other low-carbon technologies and fuel switch,,In force,1999,,,Unknown,Mitigation,https://www.transit.dot.gov/funding/grants/clean-fuels-grant-program-5308,,
211002703,USA,Solid State Energy Conversion Alliance (SECA) United States of America (1999),Solid State Energy Conversion Alliance (SECA),Country,,United States of America,,,"Negotiated agreements (public-private sector), Research programme, Technology deployment and diffusion, Technology development",Electricity and heat,,Other low-carbon technologies and fuel switch,,In force,1999,,,Unknown,Mitigation,"https://www.semanticscholar.org/paper/The-Solid-State-Energy-Conversion-Alliance-%28SECA%29-A-Surdoval/60ed860513e4ac56ac3e8b18abfee4774165c438#:~:text=The%20Solid%20State%20Energy%20Conversion%20Alliance%20%28SECA%29%20was,with%20commonly%20available%20fossil%20fuels%20at%20low%20cost.",,
211003124,USA,Wind Powering America United States of America (1999),Wind Powering America,Country,,United States of America,,,"Fiscal or financial incentives, Advice or aid in implementation, Technology deployment and diffusion, Negotiated agreements (public-private sector)","Electricity and heat, Renewables",,Renewables,,In force,1999,,,Unknown,Mitigation,https://www.nrel.gov/docs/fy00osti/27705.pdf,,
211002617,USA,SF6 Emission Reduction Partnership for Electric Power Systems United States of America (1999),SF6 Emission Reduction Partnership for Electric Power Systems,Country,,United States of America,,,"Negotiated agreements (public-private sector), Advice or aid in implementation, Information provision","Industry, Fluorinated gases",,Energy service demand reduction and resource efficiency,,In force,1999,,,Unknown,Mitigation,https://www.epa.gov/eps-partnership/overview-sf6-emissions-sources-and-reduction-options-electric-power-systems,,
211002249,USA,Partnership for Advancing Technology in Housing (PATH) United States of America (1998),Partnership for Advancing Technology in Housing (PATH),Country,,United States of America,,,"Information and education, Advice or aid in implementation, Information provision",Buildings,,Energy efficiency,,Ended,1998,,,Unknown,Mitigation,https://nsf.gov/pubs/2005/nsf05547/nsf05547.pdf,,
211001046,USA,EnergySmart Schools United States of America (1998),EnergySmart Schools,Country,,United States of America,,,"Information and education, Advice or aid in implementation, Information provision",Electricity and heat,,"Energy service demand reduction and resource efficiency, Energy efficiency",,In force,1998,,,Unknown,Mitigation,http://www.eere.energy.gov/buildings/energysmartschools/,,
211003131,USA,Workforce Investment Act United States of America (1998),Workforce Investment Act,Country,,United States of America,,,"Grants and subsidies, Information provision","Electricity and heat, Renewables",,Unknown,,Ended,1998,,,Unknown,Mitigation,http://www.doleta.gov/USWORKFORCE/WIA/act.cfm,,
211001420,USA,Heat Island Reduction Initiative (HIRI) United States of America (1997),Heat Island Reduction Initiative (HIRI),Country,,United States of America,,,"Direct investment, Infrastructure investments, Information and education, Information provision, Policy support, Strategic planning, Voluntary approaches, Negotiated agreements (public-private sector)",Buildings,,Energy efficiency,,Ended,1997,,,Unknown,Mitigation,http://www.epa.gov/heatislands/,,
211002537,USA,Renewable Portfolio Standard -- Massachusetts United States of America (1997),Renewable Portfolio Standard -- Massachusetts,Subnational region,,United States of America,Massachusetts,,"Codes and standards, Obligation schemes, Other mandatory requirements","Electricity and heat, Renewables",,Renewables,,In force,1997,,,High,Mitigation,https://www.mass.gov/renewable-energy-portfolio-standard,,
211000715,USA,EPA Climate Change Public Outreach Tools United States of America (1997),EPA Climate Change Public Outreach Tools,Country,,United States of America,,,"Information and education, Information provision",General,,Energy service demand reduction and resource efficiency,,In force,1997,,,Unknown,Mitigation,http://www.epa.gov/climatechange/wycd/waste/tools.html,,
211000456,USA,Clean Coal and Natural Gas Power Systems Program United States of America (1997),Clean Coal and Natural Gas Power Systems Program,Country,,United States of America,,,"Research &amp; Development and Deployment (RD&amp;D), Demonstration project, Research programme, Technology deployment and diffusion, Technology development, Voluntary approaches, Negotiated agreements (public-private sector)","Electricity and heat, CCS, Gas, Coal",,Other low-carbon technologies and fuel switch,,Superseded,1997,,,Unknown,Mitigation,http://www.fossil.energy.gov/programs/powersystems/index.html,,
211000352,USA,CCS Demonstration and Large-Scale Geologic Storage Cooperative Agreements United States of America (1997),CCS Demonstration and Large-Scale Geologic Storage Cooperative Agreements,Country,,United States of America,,,"Infrastructure investments, Research &amp; Development and Deployment (RD&amp;D), Demonstration project, Research programme, Technology deployment and diffusion, Technology development","Electricity and heat, CCS, Industry, Industrial process CO2",,Other low-carbon technologies and fuel switch,,In force,1997,,,Unknown,Mitigation,http://www.fossil.energy.gov/programs/sequestration/index.html,,
211001057,USA,Environmental Quality Incentives Program (EQIP) United States of America (1996),Environmental Quality Incentives Program (EQIP),Country,,United States of America,,,"Direct investment, Fiscal or financial incentives",Agriculture and forestry,"Offers innovation grants to livestock producers and owners of working farmlands to accelerate the development, transfer, and adoption of innovative technologies and approaches, including those that deliver GHG benefits and improve the quality of nutrient management systems. (http://unfccc.int/resource/docs/natc/usa_nc5.pdf)",Non-energy use,,In force,1996,,,Unknown,Adaptation,https://www.nrcs.usda.gov/programs-initiatives/eqip-environmental-quality-incentives,,
211000334,USA,Building Energy Software Tools Directory United States of America (1996),Building Energy Software Tools Directory,Country,,United States of America,,,"Information provision, Advice or aid in implementation",Buildings,,"Renewables, Energy efficiency",,Ended,1996,,,Unknown,Mitigation,https://www.iea.org/policies/686-building-energy-software-tools-directory?country=United%20States%2CSpain%2CPeople%27s%20Republic%20Of%20China&amp;page=26,,
211001439,USA,Home Energy Saver United States of America (1996),Home Energy Saver,Country,,United States of America,,,"Information and education, Information provision, Endorsement label",Buildings,,Energy efficiency,,Superseded,1996,,,Unknown,Mitigation,http://hes.lbl.gov/,,
211002735,USA,State Energy Program United States of America (1996),State Energy Program,Country,,United States of America,,,"Grants and subsidies, Information and education, Advice or aid in implementation, Information provision",Electricity and heat,,Energy efficiency,,In force,1996,,,Unknown,Mitigation,http://www1.eere.energy.gov/wip/sep.html,,
211002668,USA,Smart Growth Program United States of America (1996),Smart Growth Program,Country,,United States of America,,,"Infrastructure investments, Fiscal or financial incentives, Grants and subsidies, Information and education, Advice or aid in implementation, Information provision, Policy support, Research programme",General,,"Energy service demand reduction and resource efficiency, Energy efficiency, Renewables, Other low-carbon technologies and fuel switch, Non-energy use",,In force,1996,,,Unknown,Mitigation,http://www.epa.gov/smartgrowth/,,
211002573,USA,Residential Energy Conservation Subsidy Exclusion United States of America (1996),Residential Energy Conservation Subsidy Exclusion,Country,,United States of America,,,Tax relief,Buildings,,Energy efficiency,,In force,1996,,,Unknown,Mitigation,https://www.ferc.gov/sites/default/files/2020-04/epa1992.pdf,,
211001619,USA,Landfill Air Regulations United States of America (1996),Landfill Air Regulations,Country,,United States of America,,,Regulatory Instruments,"Industry, Waste CH4",,Non-energy use,,In force,1996,,,Unknown,Mitigation,https://www.epa.gov/stationary-sources-air-pollution/municipal-solid-waste-landfills-national-emission-standards,,
211002232,USA,PFC Reduction/Climate Partnership for the Semiconductor Industry United States of America (1996),PFC Reduction/Climate Partnership for the Semiconductor Industry,Country,,United States of America,,,"Negotiated agreements (public-private sector), Advice or aid in implementation, Information provision","Industry, Industrial N2O, Fluorinated gases",,Non-energy use,,In force,1996,,,Unknown,Mitigation,http://www.epa.gov/highgwp/semiconductor-pfc/index.https://www.epa.gov/eps-partnership/semiconductor-industry,,
211002086,USA,Native American Housing Block Grants United States of America (1996),Native American Housing Block Grants,Country,,United States of America,,,Grants and subsidies,Buildings,,Energy efficiency,,Ended,1996,,,Unknown,Mitigation,https://www.congress.gov/104/plaws/publ330/PLAW-104publ330.pdf,,
211003088,USA,Voluntary Aluminum Industrial Partnership (VAIP) United States of America (1995),Voluntary Aluminum Industrial Partnership (VAIP),Country,,United States of America,,,"Negotiated agreements (public-private sector), Advice or aid in implementation, Information provision","Industry, Fluorinated gases",,Non-energy use,,In force,1995,,,Unknown,Mitigation,http://www.epa.gov/highgwp/aluminum-pfc/index.html,,
211002428,USA,Reformulated Gasoline Program United States of America (1995),Reformulated Gasoline Program,Country,,United States of America,,,"Codes and standards, Regulatory Instruments","Electricity and heat, Coal, Gas, Oil",,Other low-carbon technologies and fuel switch,,In force,1995,,,Unknown,Mitigation,https://www.epa.gov/gasoline-standards/reformulated-gasoline,,
211000137,USA,AgSTAR United States of America (1994),AgSTAR,Country,,United States of America,,,"Information and education, Voluntary approaches","Agriculture and forestry, Agricultural CH4","The program encourages the use of methane recovery (biogas) technologies at confined animal feeding operations that manage manure as liquids or slurries. These technologies reduce methane emissions while achieving other environmental benefits. Although the overall impact of AgSTAR on GHG emissions has been comparatively small on a national scale, livestock producers in the dairy and swine sector have demonstrated that the practices can reduce GHG emissions and achieve other pollution control benefits while increasing farm profitability. (http://unfccc.int/resource/docs/natc/usa_nc5.pdf)",Non-energy use,,In force,1994,,,Unknown,Mitigation,"http://unfccc.int/resource/docs/natc/usa_nc5.pdf
http://www.epa.gov/agstar/",,
211001998,USA,National Low Emission Vehicle Program United States of America (1994),National Low Emission Vehicle Program,Country,,United States of America,,,"Negotiated agreements (public-private sector), Regulatory Instruments, Codes and standards, Voluntary approaches, Vehicle fuel-economy and emissions standards","Transport, Light-duty vehicles, Heavy-duty vehicles",,Energy efficiency,,In force,1994,,,Unknown,Mitigation,http://www.epa.gov/OMS/lev-nlev.htm,,
211002977,USA,Utility Solar Water Heating Initiative United States of America (1994),Utility Solar Water Heating Initiative,Country,,United States of America,,,"Information and education, Advice or aid in implementation, Information provision","Electricity and heat, Renewables",,Renewables,,In force,1994,,,Unknown,Mitigation,http://www.eere.energy.gov/buildings/ush2o/,,
211001620,USA,Landfill Methane Outreach Program United States of America (1994),Landfill Methane Outreach Program,Country,,United States of America,,,"Information and education, Voluntary approaches","Industry, Waste CH4","In 2019, EPA changed the rules allowing states and the EPA to take longer to develop and approve plans aimed at cutting methane emissions from new and existing landfills.","Other low-carbon technologies and fuel switch, Non-energy use",,In force,1994,,,Unknown,Mitigation,"http://www.epa.gov/lmop/
https://www.govinfo.gov/content/pkg/FR-2019-08-26/pdf/2019-18233.pdf",,
211001147,USA,Federal Utility Partnership Working Group (FUPWG) United States of America (1994),Federal Utility Partnership Working Group (FUPWG),Country,,United States of America,,,Information provision,"Buildings, Electricity and heat, Renewables",,"Renewables, Energy efficiency",,Superseded,1994,,,Unknown,Mitigation,https://www.nrel.gov/docs/fy09osti/46307.pdf,,
211003103,USA,WasteWise United States of America (1994),WasteWise,Country,,United States of America,,,"Voluntary approaches, Advice or aid in implementation, Information provision","Industry, Waste CH4",,Non-energy use,,In force,1994,1994,,Unknown,Mitigation,http://www.epa.gov/epawaste/conserve/smm/wastewise/index.htm,,
211002186,USA,On-Board Diagnostic (OBD) systems requirements United States of America (1994),On-Board Diagnostic (OBD) systems requirements,Country,,United States of America,,,"Regulatory Instruments, Information provision","Transport, Light-duty vehicles, Heavy-duty vehicles",,"Energy service demand reduction and resource efficiency, Energy efficiency",,In force,1994,,,Unknown,Mitigation,http://transportpolicy.net/index.php?title=US:_OBD,,
211000169,USA,Alternative Fuel Tax Exemption United States of America (1994),Alternative Fuel Tax Exemption,Country,,United States of America,,,"Tax relief, Fiscal or financial incentives","Electricity and heat, Transport",,Other low-carbon technologies and fuel switch,,Ended,1994,,,Unknown,Mitigation,http://www.irs.gov/pub/irs-pdf/p510.pdf,,
211000452,USA,Clean Cities International (CCI) Initiative United States of America (1994),Clean Cities International (CCI) Initiative,Country,,United States of America,,,"Information and education, Advice or aid in implementation, Information provision, Research &amp; Development and Deployment (RD&amp;D), Demonstration project, Research programme, Technology deployment and diffusion, Voluntary approaches, Negotiated agreements (public-private sector)","Transport, Light-duty vehicles, Heavy-duty vehicles, Shipping",,Other low-carbon technologies and fuel switch,,Ended,1994,,,Unknown,Mitigation,http://www.eere.energy.gov/cleancities/international.html,,
211002941,USA,Tribal Energy Program United States of America (1994),Tribal Energy Program,Country,,United States of America,,,"Funds to sub-national governments, Grants and subsidies, Information and education, Advice or aid in implementation, Information provision","Buildings, Electricity and heat, Renewables",,Renewables,,In force,1994,,,Unknown,Mitigation,https://www.energy.gov/indianenergy/archived-tribal-energy-project-funding-history,,
211000532,USA,Coalbed Methane Outreach Program United States of America (1994),Coalbed Methane Outreach Program,Country,,United States of America,,,"Voluntary approaches, Advice or aid in implementation","Industry, Fossil fuel exploration and production, Electricity and heat, Coal",,Non-energy use,,In force,1994,,,Unknown,Mitigation,http://www.epa.gov/cmop/,,
211000453,USA,Clean Cities United States of America (1993),Clean Cities,Country,,United States of America,,,"Negotiated agreements (public-private sector), Advice or aid in implementation, Information provision, Grants and subsidies, Demonstration project, Technology deployment and diffusion","Transport, Light-duty vehicles, Heavy-duty vehicles, Shipping",,"Energy efficiency, Other low-carbon technologies and fuel switch",,In force,1993,,,Unknown,Mitigation,https://cleancities.energy.gov/about/,,
211001063,USA,Environmentally Preferable Purchasing (EPP) United States of America (1993),Environmentally Preferable Purchasing (EPP),Country,,United States of America,,,"Procurement rules, Advice or aid in implementation, Information provision","Transport, Buildings, Appliances",,Non-energy use,,In force,1993,,,Unknown,Mitigation,http://www.epa.gov/epp/,,
211002087,USA,Natural Gas STAR United States of America (1993),Natural Gas STAR,Country,,United States of America,,,"Negotiated agreements (public-private sector), Advice or aid in implementation, Information provision, Unilateral commitments (private sector)","Industry, Fossil fuel exploration and production",,Energy efficiency,,In force,1993,,,Unknown,Mitigation,http://www.epa.gov/gasstar/index.htm,,
211002510,USA,Renewable Energy Production Incentive (REPI) United States of America (1992),Renewable Energy Production Incentive (REPI),Country,,United States of America,,,"Regulatory Instruments, Tax relief","Electricity and heat, Renewables",,Renewables,,Ended,1992,,,Unknown,Mitigation,https://www.iea.org/policies/5011-renewable-energy-production-incentive-repi?country=United%20States&amp;page=2&amp;sector=Multi-sector%2CElectricity&amp;technology=Multiple%20renewable%20technologies,,
211000714,USA,ENERGY STAR-labeled Products United States of America (1992),ENERGY STAR-labeled Products,Country,,United States of America,,,"Information and education, Advice or aid in implementation, Information provision, Endorsement label, Negotiated agreements (public-private sector)","Electricity and heat, Buildings, Appliances",,Energy efficiency,,In force,1992,,,Unknown,Mitigation,http://www.energystar.gov/index.cfm?fuseaction=find_a_product,,
211000332,USA,Building Energy Codes United States of America (1992),Building Energy Codes,Country,,United States of America,,,"Advice or aid in implementation, Information provision, Regulatory Instruments, Codes and standards, Building codes and standards","Buildings, Heating and cooling, Construction","The Building Energy Codes Program (BECP) mission is to support building energy code development, adoption, implementation and enforcement processes to achieve the maximum practicable, cost-effective improvements in energy efficiency while providing safe, healthy buildings for occupants.",Energy efficiency,,In force,1992,,,High,Mitigation,http://www.energycodes.gov/,"
          
  
    Name
              GHG emissions reduction (%)
          

  
    Base year
              1990
          

  
    Target year
              2030
          

  
    Value
              3.50
          

      -------
          
  
    Name
              Blend of biofuel in diesel (%)
          

  
    Target year
              2025
          

  
    Value
              25.00
          

      ",
211000943,USA,Energy Policy Act United States of America (1992),Energy Policy Act,Country,,United States of America,,,"Tax relief, Codes and standards, Sectoral standards","Electricity and heat, Renewables, Industry",,"Renewables, Energy efficiency",,In force,1992,,,Unknown,Mitigation,https://afdc.energy.gov/files/pdfs/2527.pdf,,
211000707,USA,ENERGY STAR - Certified New Homes United States of America (1992),ENERGY STAR - Certified New Homes,Country,,United States of America,,,"Voluntary approaches, Advice or aid in implementation, Performance label",Buildings,,Energy efficiency,,In force,1992,1992,,High,Mitigation,http://www.energystar.gov,,
211001130,USA,Federal Business Investment Tax Credit (ITC) United States of America (1992),Federal Business Investment Tax Credit (ITC),Country,,United States of America,,,Tax relief,"Electricity and heat, Renewables",,Renewables,,In force,1992,,,Unknown,Mitigation,http://www.irs.gov/pub/irs-pdf/f3468.pdf,,
211002227,USA,Ownership of Coalbed Methane United States of America (1992),Ownership of Coalbed Methane,Country,,United States of America,,,Other mandatory requirements,"Industry, Fossil fuel exploration and production",,Non-energy use,,In force,1992,,,Unknown,Mitigation,https://www.law.cornell.edu/uscode/text/42/13368,,
211001142,USA,Federal Renewable Production Tax Credit (PTC) United States of America (1992),Federal Renewable Production Tax Credit (PTC),Country,,United States of America,,,Tax relief,"Electricity and heat, Renewables",,Renewables,,Superseded,1992,,,Unknown,Mitigation,http://www.eere.energy.gov/,,
211002476,USA,Renewable Electricity Production Tax Credit (PTC) United States of America (1992),Renewable Electricity Production Tax Credit (PTC),Country,,United States of America,,,"Policy support, Tax relief","Electricity and heat, Renewables",Renewable electricity production tax credit (PTC) for electricity generated with renewable technologies. Enacted in the Energy Policy Act of 1992 and several times extended (last times in the Taxpayer Certainty and Disaster Tax Relief Act of 2019 - until end of 2020).,Renewables,,Ended,1992,,2021,Unknown,Mitigation,http://www.irs.gov/pub/irs-pdf/f8835.pdf,,
211002741,USA,State and Alternative Fuel Provider Fleet Program United States of America (1992),State and Alternative Fuel Provider Fleet Program,Country,,United States of America,,,Procurement rules,"Transport, Light-duty vehicles, Heavy-duty vehicles",,"Energy efficiency, Other low-carbon technologies and fuel switch",,Superseded,1992,,,Unknown,Mitigation,http://www1.eere.energy.gov/vehiclesandfuels/epact/covered_fleets.html,,
211000921,USA,Energy Efficient Mortgages United States of America (1992),Energy Efficient Mortgages,Country,,United States of America,,,"Grants and subsidies, Economic instruments","Buildings, Electricity and heat, Renewables",,"Renewables, Energy efficiency",,In force,1992,,,Unknown,Mitigation,http://www.hud.gov/offices/hsg/sfh/eem/eemhome.cfm,,
211002975,USA,Utility Energy Service Contracts United States of America (1992),Utility Energy Service Contracts,Country,,United States of America,,,"Grants and subsidies, Advice or aid in implementation, Fiscal or financial incentives",Electricity and heat,,Energy efficiency,,In force,1992,,,Unknown,Mitigation,https://www.nrel.gov/docs/gen/fy02/28792.pdf,,
211000128,USA,Advanced Energy Storage Program United States of America (1992),Advanced Energy Storage Program,Country,,United States of America,,,Demonstration project,Electricity and heat,,Renewables,,Ended,1992,,,Unknown,Mitigation,http://www.oe.energy.gov/storage.htm,,
211002996,USA,Vehicle Technologies Program United States of America (1992),Vehicle Technologies Program,Country,,United States of America,,,"Advice or aid in implementation, Information provision, Policy support, Research &amp; Development and Deployment (RD&amp;D), Research programme, Technology deployment and diffusion, Technology development","Transport, Light-duty vehicles, Heavy-duty vehicles, Shipping",,"Energy efficiency, Other low-carbon technologies and fuel switch",,In force,1992,,,Unknown,Mitigation,http://www.eere.energy.gov/vehiclesandfuels/index.html,,
211002661,USA,Small Ethanol Producer Tax Credit United States of America (1991),Small Ethanol Producer Tax Credit,Country,,United States of America,,,"Tax relief, Fiscal or financial incentives","Electricity and heat, Renewables",,Other low-carbon technologies and fuel switch,,Ended,1991,1991,2010,Unknown,Mitigation,http://www.irs.gov/pub/irs-pdf/p510.pdf,,
211001271,USA,Gas Guzzler Tax United States of America (1991),Gas Guzzler Tax,Country,,United States of America,,,Energy and other taxes,"Transport, Light-duty vehicles",,Energy efficiency,,Ended,1991,,,Unknown,Mitigation,https://www.epa.gov/fueleconomy/gas-guzzler-tax,,
250306673,USA,Building Energy Codes Program United States of America (1991),Building Energy Codes Program,Country,,United States of America,,,"Regulatory Instruments, Codes and standards, Building codes and standards","Buildings, Electricity and heat","This program in the U.S. Department of Energy (DOE) sets out efficiency codes adopted at a state level. In this program, an estimated 75% of U.S. buildings will be new or renovated by 2035. Building energy codes ensure they use energy efficiently and reduce energy costs over the life of the building. Through this program, DOE conducts the following: coordinates with stakeholders to improve energy codes, including builders, trades, architects, engineers, building officials, and a variety of other energy professionals; provides technical assistance to support effective energy code implementation and reduce compliance burden across states and local jurisdictions; reviews updated model energy codes, such as the International Energy Conservation Code and ASHRAE Standard 90.1, to ensure energy efficiency and performance; tracks the status of energy code adoption and assesses the savings impacts of model energy codes; administers a help desk to assist practitioners with questions about energy codes.","Energy efficiency, Energy service demand reduction and resource efficiency",,In force,1991,1991,,,Mitigation,https://www.energy.gov/eere/buildings/building-energy-codes-program,,"<time datetime=""2025-02-17T12:00:00Z"">17/02/2025</time>
"
211001308,USA,Global Change Research Act United States of America (1990),Global Change Research Act,Country,,United States of America,,,"Information and education, Regulatory Instruments",General,,Non-energy use,,In force,1990,,,Unknown,Mitigation,http://www.law.cornell.edu/uscode/text/15/chapter-56A,,
211003201,USA,"Requirements for Process emissions, emissions related to hazardus and toxic substances United States of America (1990)","Requirements for Process emissions, emissions related to hazardus and toxic substances",Country,,United States of America,,,"Codes and standards, Sectoral standards","Industry, Industrial N2O",Clean Air Act Amendments of 1990,Non-energy use,,In force,1990,,,Unknown,Mitigation,https://www.epa.gov/laws-regulations/summary-clean-air-act,,
211002654,USA,Significant New Alternatives Policy (SNAP) Program United States of America (1990),Significant New Alternatives Policy (SNAP) Program,Country,,United States of America,,,"Information provision, Codes and standards","Industry, Fluorinated gases","Under Section 612 of the Clean Air Act (CAA), EPA’s Significant New Alternatives Policy (SNAP) program reviews substitutes within a comparative risk framework. The SNAP program evolves the list of alternatives as the EPA makes decisions informed by its overall understanding of the environmental and human health impacts as well as its current knowledge about available substitutes. It includes proposed rule listing for new substitutes and prohibiting certain high-GWP HFCs as alternatives under SNAP (4/18/2016) and rules prohibiting certain high-GWP HFCs as alternatives under SNAP. The EPA is driving cost-effective technology adoption through its authority under the Clean Air Act, but the United States should continue to work toward an international phase-down of high-GWP HFC use through the Montreal Protocol (WRI, 2015)
http://www.wri.org/blog/2015/03/reducing-hfcs-us-would-benefit-consumers-and-climate
repealed in 2018
https://www.federalregister.gov/documents/2018/04/27/2018-08310/protection-of-stratospheric-ozone-notification-of-guidance-and-a-stakeholder-meeting-concerning-the",Non-energy use,,Ended,1990,,2018,unclear,Mitigation,"http://www.epa.gov/ozone/snap/
https://www.gpo.gov/fdsys/pkg/FR-2015-07-20/pdf/2015-17066.pdf
https://www.gpo.gov/fdsys/pkg/FR-2016-04-18/pdf/2016-08163.pdf
http://www.wri.org/blog/2015/03/reducing-hfcs-us-would-benefit-consumers-and-climate",,
211002745,USA,Stationary Diesel Engines (NSPS) standards United States of America (1990),Stationary Diesel Engines (NSPS) standards,Country,,United States of America,,,"Sectoral standards, Vehicle fuel-economy and emissions standards","Industry, Transport, Industrial energy related",Defined in Clean Air Act Amendments of 1990,Energy efficiency,,In force,1990,,,Unknown,"Mitigation, Air pollution",http://transportpolicy.net/index.php?title=US:_Stationary_Diesel_Engines_%28NSPS%29,,
211001241,USA,Fuel compliance United States of America (1990),Fuel compliance,Country,,United States of America,,,Sectoral standards,Transport,"The Clean Air Act (CAA) gives EPA the authority to prohibit the manufacture or sales of fuel and fuel additives if there is reason to believe they endanger public health, or if they impair emission control devices on vehicles. Amendments to the CAA in 1990 added provisions mandating that fuel combustion result in fewer emissions. The amendments also expanded EPA’s authority to include fuels used in non-road vehicles.",Non-energy use,,In force,1990,,,Unknown,Mitigation,http://transportpolicy.net/index.php?title=US:_Fuels:_Compliance,,
211000174,USA,Alternative Motor Fuels Act United States of America (1988),Alternative Motor Fuels Act,Country,,United States of America,,,Regulatory Instruments,"Transport, Light-duty vehicles, Heavy-duty vehicles, Shipping",,Other low-carbon technologies and fuel switch,,Superseded,1988,,,Unknown,Mitigation,http://www.nhtsa.gov/fuel-economy,,
211000199,USA,Appliance and Equipment Energy efficiency Standards United States of America (1988),Appliance and Equipment Energy efficiency Standards,Country,,United States of America,,,Codes and standards,Industry,Appliances,Energy efficiency,,In force,1988,,,Unknown,Mitigation,https://www.aceee.org/sites/default/files/pdf/fact-sheet/applstnd.pdf,,
211002828,USA,Tax Reform Act United States of America (1986),Tax Reform Act,Country,,United States of America,,,Tax relief,"Electricity and heat, Renewables",,Renewables,,Superseded,1986,,,Unknown,Mitigation,https://www.congress.gov/bill/99th-congress/house-bill/3838,,
211001859,USA,Modified Accelerated Cost Recovery System (MACRS) United States of America (1986),Modified Accelerated Cost Recovery System (MACRS),Country,,United States of America,,,Tax relief,"Electricity and heat, Renewables",,Renewables,,In force,1986,,,Unknown,Mitigation,http://www.eere.energy.gov/,,
211000577,USA,Conservation Reserve Program United States of America (1986),Conservation Reserve Program,Country,,United States of America,,,"Voluntary approaches, Information and education",Agriculture and forestry,Encourages farmers to convert highly erodible cropland or other environmentally sensitive acreage.,Non-energy use,,In force,1986,,,High,"Mitigation, Land use",https://www.ers.usda.gov/webdocs/publications/47094/32455_sb925.pdf?v=7378.7,"
          
  
    Name
              GHG emissions reduction (%)
          

  
    Base year
              1990
          

  
    Target year
              40
          

  
    Value
              75.00
          

      ",
211001738,USA,Low Income Home Energy Assistance Program (LIHEAP) United States of America (1982),Low Income Home Energy Assistance Program (LIHEAP),Country,,United States of America,,,Grants and subsidies,"Transport, Buildings",,"Energy efficiency, Energy service demand reduction and resource efficiency",,In force,1982,,,Unknown,Mitigation,http://neada.org/wp-content/uploads/2013/08/CRSLIHEAPProgramRL318651.pdf,,
211002309,USA,Price-Anderson and Nuclear Waste Policy Acts United States of America (1982),Price-Anderson and Nuclear Waste Policy Acts,Country,,United States of America,,,"Grants and subsidies, Fiscal or financial incentives, Economic instruments, Institutional creation, User charges","Electricity and heat, Nuclear",,Other low-carbon technologies and fuel switch,,In force,1982,,,Unknown,Mitigation,"http://www.nrc.gov/reading-rm/doc-collections/fact-sheets/funds-fs.html
%20http://energy.gov/downloads/nuclear-waste-policy-act",,
211002659,USA,Small Business Innovation Research (SBIR) Program United States of America (1982),Small Business Innovation Research (SBIR) Program,Country,,United States of America,,,"Technology deployment and diffusion, Research programme, Technology development","Electricity and heat, Renewables",,Renewables,,In force,1982,,,Unknown,Mitigation,https://www.sbir.gov/about,,
211000399,USA,Carbon Dioxide Information Analysis Center (CDIAC) United States of America (1982),Carbon Dioxide Information Analysis Center (CDIAC),Country,,United States of America,,,"Information and education, Information provision","Electricity and heat, Buildings, Transport, Industry, General",,Non-energy use,,In force,1982,,,Unknown,Mitigation,https://cdiac.ess-dive.lbl.gov/,,
211000768,USA,Economic Recovery Act United States of America (1981),Economic Recovery Act,Country,,United States of America,,,Tax relief,"Electricity and heat, Renewables",,Renewables,,Superseded,1981,,,Unknown,Mitigation,https://www.congress.gov/bill/97th-congress/house-bill/4242,,
211000293,USA,Biomass Energy and Alcohol Fuels Act United States of America (1980),Biomass Energy and Alcohol Fuels Act,Country,,United States of America,,,Loans,"Transport, Electricity and heat, Renewables",,"Renewables, Other low-carbon technologies and fuel switch",,Superseded,1980,,,Unknown,Mitigation,https://www.govtrack.us/congress/bills/96/s932,,
211003117,USA,Wind Energy Systems Act United States of America (1980),Wind Energy Systems Act,Country,,United States of America,,,Research &amp; Development and Deployment (RD&amp;D),"Electricity and heat, Renewables",,Renewables,,Superseded,1980,,,Unknown,Mitigation,https://www.govtrack.us/congress/bills/96/hr5892,,
211003083,USA,Volumetric Ethanol Excise Tax Credit (VEETC) United States of America (1979),Volumetric Ethanol Excise Tax Credit (VEETC),Country,,United States of America,,,"Regulatory Instruments, Fiscal or financial incentives, Tax relief","Transport, Electricity and heat, Renewables",,"Other low-carbon technologies and fuel switch, Renewables",,Ended,1979,1979,2010,Unknown,Mitigation,http://www.afdc.energy.gov/afdc/laws/law/US/399,,
211002369,USA,Public Utility Regulatory Policies Act (PURPA) United States of America (1978),Public Utility Regulatory Policies Act (PURPA),Country,,United States of America,,,"Economic instruments, Market-based instruments",Electricity and heat,,Energy efficiency,,In force,1978,,,Unknown,Mitigation,http://www.oe.energy.gov/purpa.htm,,
211003270,USA,Inland Waterways Trust Fund Financing Rate (IWTF Tax) United States of America (1978),Inland Waterways Trust Fund Financing Rate (IWTF Tax),Country,,United States of America,,,Energy and other taxes,Transport,Applies to all fuels used for domestic navigation purposes at a rate of USD 0.29 per gallon (OECD 2019).,"Energy service demand reduction and resource efficiency, Energy efficiency, Renewables, Other low-carbon technologies and fuel switch, Non-energy use",,In force,1978,,,Unknown,Mitigation,https://www.oecd.org/tax/taxing-energy-use-efde7a25-en.htm,,
250306688,USA,Urban and Community Forestry Program United States of America (1978),Urban and Community Forestry Program,Country,,United States of America,,,"Economic instruments, Direct investment, Fiscal or financial incentives, Funds to sub-national governments, Grants and subsidies",Agriculture and forestry,"This program of the U.S. Department of Agriculture&#039;s Forest Service is the only Federal program dedicated to growing and maintaining urban and community trees, forests, and green spaces. Authorized under the Cooperative Forestry Assistance Act of 1978, Urban Forestry assists States and partner organizations in applying nature-based solutions to chronic and emergent economic, social, and environmental challenges. The program is traditionally funded at $36-40 million annually.",Non-energy use,,In force,1978,1978,,,"Mitigation, Land use",https://www.fs.usda.gov/managing-land/urban-forests/ucf,,"<time datetime=""2025-02-18T12:00:00Z"">18/02/2025</time>
"
211000972,USA,Energy Tax Act United States of America (1978),Energy Tax Act,Country,,United States of America,,,Tax relief,"Electricity and heat, Renewables",,Renewables,,Superseded,1978,,,Unknown,Mitigation,https://www.congress.gov/bill/95th-congress/house-bill/5263,,
211002693,USA,Solar Photovoltaic Energy Research &amp; Development and Demonstration Act United States of America (1978),Solar Photovoltaic Energy Research &amp; Development and Demonstration Act,Country,,United States of America,,,Research &amp; Development and Deployment (RD&amp;D),"Electricity and heat, Renewables",,Renewables,,Superseded,1978,,,Unknown,Mitigation,https://www.congress.gov/bill/95th-congress/house-bill/12874,,
211002370,USA,Public Utility Regulatory Policies Act United States of America (1978),Public Utility Regulatory Policies Act,Country,,United States of America,,,"Information and education, Regulatory Instruments",Electricity and heat,,Renewables,,In force,1978,,,Unknown,Mitigation,http://www.usbr.gov/power/legislation/purpa.pdf,,
211001133,USA,Federal Energy Management Program (FEMP) United States of America (1978),Federal Energy Management Program (FEMP),Country,,United States of America,,,Economic instruments,"Electricity and heat, Renewables",,Renewables,,In force,1978,,,Unknown,Mitigation,http://www.eere.energy.gov/femp/,,
211001301,USA,Geothermal Technologies Program (GTP) United States of America (1977),Geothermal Technologies Program (GTP),Country,,United States of America,,,"Information and education, Advice or aid in implementation, Information provision, Policy support, Strategic planning, Research &amp; Development and Deployment (RD&amp;D), Demonstration project, Research programme, Technology deployment and diffusion, Technology development","Electricity and heat, Renewables",,Renewables,,In force,1977,,,Unknown,Mitigation,http://www.eere.energy.gov/geothermal/,,
211002118,USA,New Source Performance Standards (NSPS) for Coal Plants United States of America (1977),New Source Performance Standards (NSPS) for Coal Plants,Country,,United States of America,,,"Other mandatory requirements, Sectoral standards","Electricity and heat, Coal",Most recent revision applies to plants constructed after 2011.,Non-energy use,,In force,1977,,,Unknown,Air pollution,http://www.iea-coal.org.uk/documents/82575/9515/United%20States%20of%20America,,
211002867,USA,The Department of Energy Organization Act United States of America (1977),The Department of Energy Organization Act,Country,,United States of America,,,Institutional creation,Electricity and heat,,"Energy efficiency, Renewables",,In force,1977,,,Unknown,Mitigation,http://www.usbr.gov/power/legislation/doeorg.pdf,,
211003104,USA,Weatherization Assistance Program (WAP) United States of America (1976),Weatherization Assistance Program (WAP),Country,,United States of America,,,"Grants and subsidies, Funds to sub-national governments",Buildings,,Energy efficiency,,In force,1976,,,Unknown,Mitigation,http://www1.eere.energy.gov/wip/wap.html,,
211001137,USA,Federal Land Policy and Management Act United States of America (1976),Federal Land Policy and Management Act,Country,,United States of America,,,Regulatory Instruments,"Agriculture and forestry, Forestry",,"Non-energy use, Energy service demand reduction and resource efficiency, Energy efficiency, Renewables, Other low-carbon technologies and fuel switch",,In force,1976,,,Unknown,Mitigation,http://www.blm.gov/flpma/FLPMA.pdf,,
211001973,USA,National Forest Management Act United States of America (1976),National Forest Management Act,Country,,United States of America,,,"Information and education, Regulatory Instruments","Agriculture and forestry, Forestry",,"Non-energy use, Energy service demand reduction and resource efficiency, Energy efficiency, Renewables, Other low-carbon technologies and fuel switch",,In force,1976,,,Unknown,Mitigation,http://www.fs.fed.us/emc/nfma/includes/NFMA1976.pdf,,
211003105,USA,Weatherization and Intergovernmental Program (WIP) United States of America (1976),Weatherization and Intergovernmental Program (WIP),Country,,United States of America,,,"Technology deployment and diffusion, Information provision, Grants and subsidies",Buildings,,"Renewables, Energy efficiency",,Superseded,1976,,,Unknown,Mitigation,http://www1.eere.energy.gov/wip/index.html,,
211001499,USA,Industrial Assessment Centers (IACs) United States of America (1976),Industrial Assessment Centers (IACs),Country,,United States of America,,,Advice or aid in implementation,Electricity and heat,,Energy efficiency,,In force,1976,,,Unknown,Mitigation,https://www.energy.gov/eere/amo/industrial-assessment-centers-iacs,,
211000946,USA,Energy Policy and Conservation Act United States of America (1975),Energy Policy and Conservation Act,Country,,United States of America,,,Regulatory Instruments,Electricity and heat,,Energy service demand reduction and resource efficiency,,In force,1975,,,Unknown,Mitigation,http://www.house.gov/legcoun/Comps/EPCA.pdf,,
211001509,USA,Industrial Technologies Program: Industries of the Future United States of America (1975),Industrial Technologies Program: Industries of the Future,Country,,United States of America,,,"Technology deployment and diffusion, Research programme, Technology development","Industry, Industrial energy related",,Energy efficiency,,Superseded,1975,,,Unknown,Mitigation,http://www.eere.energy.gov/industry/technologies/industries.html,,
211002688,USA,Solar Heating and Cooling Demonstration Act United States of America (1974),Solar Heating and Cooling Demonstration Act,Country,,United States of America,,,"Research &amp; Development and Deployment (RD&amp;D), Demonstration project","Electricity and heat, Renewables",,Renewables,,Ended,1974,,,Unknown,Mitigation,https://www.iea.org/policies/4102-solar-heating-and-cooling-demonstration-act?country=United%20States&amp;page=14,,
211001297,USA,Geothermal Energy Research &amp; Development and Demonstration Act United States of America (1974),Geothermal Energy Research &amp; Development and Demonstration Act,Country,,United States of America,,,"Research &amp; Development and Deployment (RD&amp;D), Demonstration project","Electricity and heat, Renewables",,Renewables,,Superseded,1974,,,Unknown,Mitigation,https://www.congress.gov/bill/93rd-congress/house-bill/14172,,
211002685,USA,Solar Energy Research Act United States of America (1974),Solar Energy Research Act,Country,,United States of America,,,"Research &amp; Development and Deployment (RD&amp;D), Demonstration project","Electricity and heat, Renewables",,Renewables,,Ended,1974,,,Unknown,Mitigation,https://www.iea.org/policies/4100-solar-energy-research-act?country=United%20States&amp;page=14,,
211002559,USA,Reorganization Plan No. 3 (EPA Establishment) United States of America (1970),Reorganization Plan No. 3 (EPA Establishment),Country,,United States of America,,,Institutional creation,General,Established the Environmental Protection Agency (EPA),Non-energy use,,In force,1970,,,Unknown,Mitigation,http://www2.epa.gov/aboutepa/reorganization-plan-no-3-1970,,
211001508,USA,Industrial Technologies Program: BestPractices United States of America (1970),Industrial Technologies Program: BestPractices,Country,,United States of America,,,"Advice or aid in implementation, Information provision",Industry,,Energy service demand reduction and resource efficiency,,Superseded,1970,,,Unknown,Mitigation,http://www.eere.energy.gov/industry/bestpractices/index.html,,
211000448,USA,Clean Air Act United States of America (1970),Clean Air Act,Country,,United States of America,,,"Regulatory Instruments, Sectoral standards","Electricity and heat, Industry, Industrial N2O",Legislative. Carried out by the Environmental Protection Agency (EPA) and re-interpreted various times.,"Energy efficiency, Energy service demand reduction and resource efficiency, Non-energy use",,In force,1970,,,Unknown,"Mitigation, Air pollution","http://www2.epa.gov/clean-air-act-overview
http://www2.epa.gov/laws-regulations/summary-clean-air-act",,
211002958,USA,US Transport compliance and enforcement Program United States of America (1970),US Transport compliance and enforcement Program,Country,,United States of America,,,Sectoral standards,"Transport, Light-duty vehicles, Heavy-duty vehicles",,Energy efficiency,,In force,1970,,,Unknown,Mitigation,http://transportpolicy.net/index.php?title=US:_Compliance_and_Enforcement,,
211002746,USA,Stationary Engines (NESHAP) standards United States of America (1970),Stationary Engines (NESHAP) standards,Country,,United States of America,,,"Sectoral standards, Vehicle fuel-economy and emissions standards","Industry, Transport, Industrial energy related",,Energy efficiency,,In force,1970,,,Unknown,"Mitigation, Air pollution",http://transportpolicy.net/index.php?title=US:_Stationary_Engines_%28NESHAP%29,,
211001970,USA,National Environmental Policy Act United States of America (1970),National Environmental Policy Act,Country,,United States of America,,,"Monitoring, Regulatory Instruments",General,,Non-energy use,,In force,1970,,,Unknown,Mitigation,http://www.law.cornell.edu/uscode/text/42/chapter-55,,
211000215,USA,Atomic Energy Act United States of America (1954),Atomic Energy Act,Country,,United States of America,,,Regulatory Instruments,"Electricity and heat, Nuclear",,Other low-carbon technologies and fuel switch,,In force,1954,,,Unknown,Mitigation,http://www.nrc.gov/reading-rm/doc-collections/nuregs/staff/sr0980/v1/,,
